ruolo,nome,costo_iniziale,fanta_media,fvm,gol_pg,assist_pg,ammonizioni_pg,xg_pg,titolarita_pct,cambio_squadra,upgrade_squadra,tipo_prestito,coach_bonus,coach_style,presenze,gol_subiti_pg,clean_sheet_pg,qualita_mercato,eta,prime_factor,presenze_pct,gk_defense_score,bonus_potential,transfer_effect,disponibilita,forma_recente_score,previsione_ia,_temporal_model,vip_tpm,vip_p90,vip_youth,vip_position,vip_tactical_role,vip_formula,vip_total,vip_score,flag_nuovo_estero,bonus_rigorista,bonus_punizioni,score_selezione
P,Svilar,18,6.54,65,0.0,0.0,0.05,0.0,1.0,0,0,0,0.0,equilibrato,25.0,1.2,0.3,0.5142857142857142,30.0,0.8007374029168081,0.6578947368421053,0.29999999999999993,0.29999999999999993,0.0,1.0,0.0,6.54,False,0.0,0.0,0.0,P,PORTIERE,0.0,0.0,6.545,0,0.0,0.0,5.096
P,Martinez Jo.,17,6.48,63,0.0,0.0,0.05,0.0,0.132,0,0,0,0.0,equilibrato,25.0,1.2,0.3,0.4857142857142857,30.0,0.8007374029168081,0.6578947368421053,0.29999999999999993,0.29999999999999993,0.0,0.132,0.0,6.48,False,0.0,0.0,0.0,P,PORTIERE,0.0,0.0,6.482,0,0.0,0.0,5.088322790604155
P,Carnesecchi,16,6.41,52,0.0,0.0,0.05,0.0,0.974,0,0,0,0.0,equilibrato,25.0,1.2,0.3,0.45714285714285713,24.0,0.8007374029168081,0.6578947368421053,0.29999999999999993,0.29999999999999993,0.0,0.974,0.0,6.41,False,0.0,0.0,0.0,P,PORTIERE,0.0,0.0,6.406,0,0.0,0.0,5.077724107150743
P,Butez,16,6.58,56,0.0,0.026,0.079,0.0,1.0,0,0,0,0.0,equilibrato,25.0,1.2,0.3,0.45714285714285713,30.0,0.8007374029168081,0.6578947368421053,0.29999999999999993,0.29999999999999993,0.0,1.0,0.0,6.58,False,0.0,0.0905,0.0,P,PORTIERE,0.0,0.0905,6.99,0,0.0,0.0,5.379927527513767
P,Vicario,16,5.69,55,0.0,0.0,0.05,0.0,0.75,1,-1,1,0.0,equilibrato,25.0,1.2,0.3,0.45714285714285713,27.0,1.0,0.6578947368421053,0.29999999999999993,0.29999999999999993,-0.8999999999999999,0.75,0.0,5.69,False,0.0,0.0,0.0,P,PORTIERE,0.0,0.0,5.691,0,0.0,0.0,4.88847174143695
P,Maignan,15,6.33,50,0.0,0.0,0.108,0.0,0.974,0,0,0,0.0,equilibrato,25.0,1.2,0.3,0.42857142857142855,28.0,0.9756109800648459,0.6578947368421053,0.29999999999999993,0.29999999999999993,0.0,0.974,0.0,6.33,False,0.0,0.0,0.0,P,PORTIERE,0.0,0.0,6.332,0,0.0,0.0,5.068254672802269
P,De Gea,13,6.21,45,0.0,0.0,0.05,0.0,0.974,0,0,0,0.0,equilibrato,25.0,1.2,0.3,0.37142857142857144,30.0,0.8007374029168081,0.6578947368421053,0.29999999999999993,0.29999999999999993,0.0,0.974,0.0,6.21,False,0.0,0.0,0.0,P,PORTIERE,0.0,0.0,6.206,0,0.0,0.0,5.057573649638855
P,Meret,11,6.53,45,0.0,0.091,0.091,0.0,0.289,0,0,0,0.0,equilibrato,25.0,1.2,0.3,0.3142857142857143,27.0,1.0,0.6578947368421053,0.29999999999999993,0.29999999999999993,0.0,0.289,0.0,6.53,False,0.0,0.3,0.0,P,PORTIERE,0.0,0.3,7.787,0,0.0,0.0,6.027077949271083
P,Skorupski,10,5.94,37,0.0,0.0,0.056,0.0,0.474,0,0,0,0.0,equilibrato,25.0,1.2,0.3,0.2857142857142857,30.0,0.8007374029168081,0.6578947368421053,0.29999999999999993,0.29999999999999993,0.0,0.474,0.0,5.94,False,0.0,0.0,0.0,P,PORTIERE,0.0,0.0,5.943,0,0.0,0.0,5.031051765163092
P,Caprile,9,5.87,27,0.0,0.0,0.053,0.0,1.0,0,0,0,0.0,equilibrato,25.0,1.2,0.3,0.2571428571428571,30.0,0.8007374029168081,0.6578947368421053,0.29999999999999993,0.29999999999999993,0.0,1.0,0.0,5.87,False,0.0,0.0,0.0,P,PORTIERE,0.0,0.0,5.867,0,0.0,0.0,5.029503155389114
P,Di Gregorio,9,5.87,10,0.0,0.0,0.033,0.0,0.789,0,0,0,0.0,equilibrato,25.0,1.2,0.3,0.2571428571428571,26.0,0.9756109800648459,0.6578947368421053,0.29999999999999993,0.29999999999999993,0.0,0.789,0.0,5.87,False,0.0,0.0,0.0,P,PORTIERE,0.0,0.0,5.87,0,0.0,0.0,5.030331494713785
P,Mandas,9,5.9,30,0.0,0.0,0.05,0.0,0.75,0,0,0,0.0,equilibrato,25.0,1.2,0.3,0.2571428571428571,30.0,0.8007374029168081,0.6578947368421053,0.29999999999999993,0.29999999999999993,0.0,0.75,0.0,5.9,False,0.0,0.0,0.0,P,PORTIERE,0.0,0.0,5.903,0,0.0,0.0,5.039443227285173
P,Okoye,9,6.08,29,0.0,0.033,0.033,0.0,0.789,0,0,0,0.0,equilibrato,25.0,1.2,0.3,0.2571428571428571,30.0,0.8007374029168081,0.6578947368421053,0.29999999999999993,0.29999999999999993,0.0,0.789,0.0,6.08,False,0.0,0.1149,0.0,P,PORTIERE,0.0,0.1149,6.558,0,0.0,0.0,5.411339139883312
P,Bijlow,8,5.82,18,0.0,0.0,0.062,0.0,0.421,0,0,0,0.0,equilibrato,25.0,1.2,0.3,0.22857142857142856,30.0,0.8007374029168081,0.6578947368421053,0.29999999999999993,0.29999999999999993,0.0,0.421,0.0,5.82,False,0.0,0.0,0.0,P,PORTIERE,0.0,0.0,5.821,0,0.0,0.0,5.039719469015802
P,Falcone,8,5.83,25,0.0,0.0,0.053,0.0,1.0,0,0,0,0.0,equilibrato,25.0,1.2,0.3,0.22857142857142856,30.0,0.8007374029168081,0.6578947368421053,0.29999999999999993,0.29999999999999993,0.0,1.0,0.0,5.83,False,0.0,0.0,0.0,P,PORTIERE,0.0,0.0,5.83,0,0.0,0.0,5.042233864236568
P,Daffara,7,6.06,5,0.0,0.0,0.05,0.0,0.75,1,1,0,0.0,equilibrato,25.0,1.2,0.3,0.2,30.0,0.8007374029168081,0.6578947368421053,0.29999999999999993,0.29999999999999993,0.5,0.75,0.0,6.06,False,0.0,0.0,0.0,P,PORTIERE,0.0,0.0,6.065,0,0.0,0.0,5.2090688170082515
P,Muric,7,5.78,15,0.0,0.0,0.125,0.0,0.842,0,0,0,0.0,equilibrato,25.0,1.2,0.3,0.2,30.0,0.8007374029168081,0.6578947368421053,0.29999999999999993,0.29999999999999993,0.0,0.842,0.0,5.78,False,0.0,0.0,0.0,P,PORTIERE,0.0,0.0,5.782,0,0.0,0.0,5.057006328443106
P,Perin,6,5.7,5,0.0,0.0,0.05,0.0,0.237,0,0,0,0.0,equilibrato,25.0,1.2,0.3,0.17142857142857143,30.0,0.8007374029168081,0.6578947368421053,0.29999999999999993,0.29999999999999993,0.0,0.237,0.0,5.7,False,0.0,0.0,0.0,P,PORTIERE,0.0,0.0,5.7,0,0.0,0.0,5.0695655234545445
P,Stankovic F.,6,5.62,14,0.0,0.0,0.235,0.0,0.447,0,0,0,0.0,equilibrato,25.0,1.2,0.3,0.17142857142857143,30.0,0.8007374029168081,0.6578947368421053,0.29999999999999993,0.29999999999999993,0.0,0.447,0.0,5.62,False,0.0,0.0,0.0,P,PORTIERE,0.0,0.0,5.624,0,0.0,0.0,5.047588629117021
P,Thiam,5,5.54,12,0.0,0.0,0.05,0.0,0.75,0,0,0,0.0,equilibrato,25.0,1.2,0.3,0.14285714285714285,30.0,0.8007374029168081,0.6578947368421053,0.29999999999999993,0.29999999999999993,0.0,0.75,0.0,5.54,False,0.0,0.0,0.0,P,PORTIERE,0.0,0.0,5.537,0,0.0,0.0,5.069724318798082
P,Milinkovic-Savic V.,5,4.91,10,0.0,0.0,0.05,0.0,0.711,1,-1,0,0.0,equilibrato,25.0,1.2,0.3,0.14285714285714285,30.0,0.8007374029168081,0.6578947368421053,0.29999999999999993,0.29999999999999993,-0.7,0.711,0.0,4.91,False,0.0,0.0,0.0,P,PORTIERE,0.0,0.0,4.909,0,0.0,0.0,4.883206061261802
P,Palmisani,4,5.5,8,0.0,0.0,0.05,0.0,0.75,0,0,0,0.0,equilibrato,25.0,1.2,0.3,0.11428571428571428,30.0,0.8007374029168081,0.6578947368421053,0.29999999999999993,0.29999999999999993,0.0,0.75,0.0,5.5,False,0.0,0.0,0.0,P,PORTIERE,0.0,0.0,5.502,0,0.0,0.0,5.127899603865076
P,Desplanches,2,5.62,8,0.0,0.0,0.05,0.0,0.75,1,1,1,0.0,equilibrato,25.0,1.2,0.3,0.05714285714285714,30.0,0.8007374029168081,0.6578947368421053,0.29999999999999993,0.29999999999999993,0.3,0.75,0.0,5.62,False,0.0,0.0,0.0,P,PORTIERE,0.0,0.0,5.62,0,0.0,0.0,5.606819252952243
P,Provedel,2,5.23,5,0.0,0.0,0.037,0.0,0.711,1,0,0,0.0,contropiede,25.0,1.2,0.3,0.05714285714285714,30.0,0.8007374029168081,0.6578947368421053,0.29999999999999993,0.29999999999999993,-0.1,0.711,0.0,5.23,False,0.0,0.0,0.0,P,PORTIERE,0.0,0.0,5.232,0,0.0,0.0,5.3597733330978015
P,Sportiello,1,5.26,1,0.0,0.0,0.05,0.0,0.026,0,0,0,0.0,equilibrato,25.0,1.2,0.3,0.02857142857142857,30.0,0.8007374029168081,0.6578947368421053,0.29999999999999993,0.29999999999999993,0.0,0.026,0.0,5.26,False,0.0,0.0,0.0,P,PORTIERE,0.0,0.0,5.256,0,0.0,0.0,5.990137750730884
P,Happonen,1,5.19,1,0.0,0.0,0.05,0.0,0.75,1,0,0,0.0,pressing,25.0,1.2,0.3,0.02857142857142857,30.0,0.8007374029168081,0.6578947368421053,0.29999999999999993,0.29999999999999993,-0.1,0.75,0.0,5.19,False,0.0,0.0,0.0,P,PORTIERE,0.0,0.0,5.186,0,0.0,0.0,5.956186492549836
P,Pessina Mas.,1,5.26,1,0.0,0.0,0.05,0.0,0.105,0,0,0,0.0,equilibrato,25.0,1.2,0.3,0.02857142857142857,30.0,0.8007374029168081,0.6578947368421053,0.29999999999999993,0.29999999999999993,0.0,0.105,0.0,5.26,False,0.0,0.0,0.0,P,PORTIERE,0.0,0.0,5.261,0,0.0,0.0,5.992562840600959
P,Sherri,1,5.26,1,0.0,0.0,0.05,0.0,0.75,0,0,0,0.0,equilibrato,25.0,1.2,0.3,0.02857142857142857,30.0,0.8007374029168081,0.6578947368421053,0.29999999999999993,0.29999999999999993,0.0,0.75,0.0,5.26,False,0.0,0.0,0.0,P,PORTIERE,0.0,0.0,5.26,0,0.0,0.0,5.992077822626944
P,Tornqvist,1,5.26,1,0.0,0.0,0.05,0.0,0.75,0,0,0,0.0,equilibrato,25.0,1.2,0.3,0.02857142857142857,30.0,0.8007374029168081,0.6578947368421053,0.29999999999999993,0.29999999999999993,0.0,0.75,0.0,5.26,False,0.0,0.0,0.0,P,PORTIERE,0.0,0.0,5.26,0,0.0,0.0,5.992077822626944
P,Vigorito,1,5.26,1,0.0,0.0,0.05,0.0,0.75,0,0,0,0.0,equilibrato,25.0,1.2,0.3,0.02857142857142857,30.0,0.8007374029168081,0.6578947368421053,0.29999999999999993,0.29999999999999993,0.0,0.75,0.0,5.26,False,0.0,0.0,0.0,P,PORTIERE,0.0,0.0,5.26,0,0.0,0.0,5.992077822626944
P,Christensen O.,1,4.99,1,0.0,0.0,0.05,0.0,0.026,1,0,1,0.0,contropiede,25.0,1.2,0.3,0.02857142857142857,30.0,0.8007374029168081,0.6578947368421053,0.29999999999999993,0.29999999999999993,-0.30000000000000004,0.026,0.0,4.99,False,0.0,0.0,0.0,P,PORTIERE,0.0,0.0,4.988,0,0.0,0.0,5.860152933694874
P,Lezzerini,1,5.26,1,0.0,0.0,0.05,0.0,0.75,0,0,0,0.0,equilibrato,25.0,1.2,0.3,0.02857142857142857,30.0,0.8007374029168081,0.6578947368421053,0.29999999999999993,0.29999999999999993,0.0,0.75,0.0,5.26,False,0.0,0.0,0.0,P,PORTIERE,0.0,0.0,5.26,0,0.0,0.0,5.992077822626944
P,Lolic,1,5.26,1,0.0,0.0,0.05,0.0,0.75,0,0,0,0.0,equilibrato,25.0,1.2,0.3,0.02857142857142857,30.0,0.8007374029168081,0.6578947368421053,0.29999999999999993,0.29999999999999993,0.0,0.75,0.0,5.26,False,0.0,0.0,0.0,P,PORTIERE,0.0,0.0,5.26,0,0.0,0.0,5.992077822626944
P,Sommariva,1,5.26,1,0.0,0.0,0.05,0.0,0.053,0,0,0,0.0,equilibrato,25.0,1.2,0.3,0.02857142857142857,30.0,0.8007374029168081,0.6578947368421053,0.29999999999999993,0.29999999999999993,0.0,0.053,0.0,5.26,False,0.0,0.0,0.0,P,PORTIERE,0.0,0.0,5.261,0,0.0,0.0,5.992562840600959
P,Stolz,1,5.26,1,0.0,0.0,0.05,0.0,0.75,0,0,0,0.0,equilibrato,25.0,1.2,0.3,0.02857142857142857,30.0,0.8007374029168081,0.6578947368421053,0.29999999999999993,0.29999999999999993,0.0,0.75,0.0,5.26,False,0.0,0.0,0.0,P,PORTIERE,0.0,0.0,5.26,0,0.0,0.0,5.992077822626944
P,Di Gennaro,1,4.66,1,0.0,0.0,0.05,0.0,0.026,1,-1,0,0.0,equilibrato,25.0,1.2,0.3,0.02857142857142857,30.0,0.8007374029168081,0.6578947368421053,0.29999999999999993,0.29999999999999993,-0.7,0.026,0.0,4.66,False,0.0,0.0,0.0,P,PORTIERE,0.0,0.0,4.661,0,0.0,0.0,5.701552056191982
P,Pinsoglio,1,5.26,1,0.0,0.0,0.05,0.0,0.75,0,0,0,0.0,equilibrato,25.0,1.2,0.3,0.02857142857142857,30.0,0.8007374029168081,0.6578947368421053,0.29999999999999993,0.29999999999999993,0.0,0.75,0.0,5.26,False,0.0,0.0,0.0,P,PORTIERE,0.0,0.0,5.26,0,0.0,0.0,5.992077822626944
P,Motta,1,5.26,1,0.0,0.0,0.111,0.0,0.237,0,0,0,0.0,equilibrato,25.0,1.2,0.3,0.02857142857142857,30.0,0.8007374029168081,0.6578947368421053,0.29999999999999993,0.29999999999999993,0.0,0.237,0.0,5.26,False,0.0,0.0,0.0,P,PORTIERE,0.0,0.0,5.255,0,0.0,0.0,5.989652732756869
P,Renzetti,1,5.26,1,0.0,0.0,0.05,0.0,0.75,0,0,0,0.0,equilibrato,25.0,1.2,0.3,0.02857142857142857,30.0,0.8007374029168081,0.6578947368421053,0.29999999999999993,0.29999999999999993,0.0,0.75,0.0,5.26,False,0.0,0.0,0.0,P,PORTIERE,0.0,0.0,5.26,0,0.0,0.0,5.992077822626944
P,Terracciano,1,5.26,1,0.0,0.0,0.05,0.0,0.053,0,0,0,0.0,equilibrato,25.0,1.2,0.3,0.02857142857142857,30.0,0.8007374029168081,0.6578947368421053,0.29999999999999993,0.29999999999999993,0.0,0.053,0.0,5.26,False,0.0,0.0,0.0,P,PORTIERE,0.0,0.0,5.261,0,0.0,0.0,5.992562840600959
P,Torriani,1,5.26,1,0.0,0.0,0.05,0.0,0.75,0,0,0,0.0,equilibrato,25.0,1.2,0.3,0.02857142857142857,30.0,0.8007374029168081,0.6578947368421053,0.29999999999999993,0.29999999999999993,0.0,0.75,0.0,5.26,False,0.0,0.0,0.0,P,PORTIERE,0.0,0.0,5.26,0,0.0,0.0,5.992077822626944
P,Pizzignacco,1,5.26,1,0.0,0.0,0.05,0.0,0.75,0,0,0,0.0,equilibrato,25.0,1.2,0.3,0.02857142857142857,30.0,0.8007374029168081,0.6578947368421053,0.29999999999999993,0.29999999999999993,0.0,0.75,0.0,5.26,False,0.0,0.0,0.0,P,PORTIERE,0.0,0.0,5.26,0,0.0,0.0,5.992077822626944
P,Strajnar,1,5.26,1,0.0,0.0,0.05,0.0,0.75,0,0,0,0.0,equilibrato,25.0,1.2,0.3,0.02857142857142857,30.0,0.8007374029168081,0.6578947368421053,0.29999999999999993,0.29999999999999993,0.0,0.75,0.0,5.26,False,0.0,0.0,0.0,P,PORTIERE,0.0,0.0,5.26,0,0.0,0.0,5.992077822626944
P,Contini,1,5.26,1,0.0,0.0,0.05,0.0,0.75,0,0,0,0.0,equilibrato,25.0,1.2,0.3,0.02857142857142857,30.0,0.8007374029168081,0.6578947368421053,0.29999999999999993,0.29999999999999993,0.0,0.75,0.0,5.26,False,0.0,0.0,0.0,P,PORTIERE,0.0,0.0,5.26,0,0.0,0.0,5.992077822626944
P,Corvi,1,5.26,1,0.0,0.0,0.059,0.0,0.447,0,0,0,0.0,equilibrato,25.0,1.2,0.3,0.02857142857142857,30.0,0.8007374029168081,0.6578947368421053,0.29999999999999993,0.29999999999999993,0.0,0.447,0.0,5.26,False,0.0,0.0,0.0,P,PORTIERE,0.0,0.0,5.261,0,0.0,0.0,5.992562840600959
P,De Marzi,1,5.19,1,0.0,0.0,0.05,0.0,0.75,1,0,0,0.0,equilibrato,25.0,1.2,0.3,0.02857142857142857,30.0,0.8007374029168081,0.6578947368421053,0.29999999999999993,0.29999999999999993,-0.1,0.75,0.0,5.19,False,0.0,0.0,0.0,P,PORTIERE,0.0,0.0,5.186,0,0.0,0.0,5.956186492549836
P,Gollini,1,5.26,1,0.0,0.0,0.05,0.0,0.75,0,0,0,0.0,equilibrato,25.0,1.2,0.3,0.02857142857142857,30.0,0.8007374029168081,0.6578947368421053,0.29999999999999993,0.29999999999999993,0.0,0.75,0.0,5.26,False,0.0,0.0,0.0,P,PORTIERE,0.0,0.0,5.26,0,0.0,0.0,5.992077822626944
P,Russo A.,1,4.99,1,0.0,0.0,0.05,0.0,0.75,1,0,1,0.0,equilibrato,25.0,1.2,0.3,0.02857142857142857,30.0,0.8007374029168081,0.6578947368421053,0.29999999999999993,0.29999999999999993,-0.30000000000000004,0.75,0.0,4.99,False,0.0,0.0,0.0,P,PORTIERE,0.0,0.0,4.991,0,0.0,0.0,5.861607987616919
P,Turati,1,5.26,3,0.0,0.0,0.05,0.0,0.158,0,0,0,0.0,equilibrato,25.0,1.2,0.3,0.02857142857142857,30.0,0.8007374029168081,0.6578947368421053,0.29999999999999993,0.29999999999999993,0.0,0.158,0.0,5.26,False,0.0,0.0,0.0,P,PORTIERE,0.0,0.0,5.261,0,0.0,0.0,5.992562840600959
P,Mascardi,1,4.61,1,0.0,0.0,0.05,0.0,0.75,1,-1,0,0.0,equilibrato,25.0,1.2,0.3,0.02857142857142857,30.0,0.8007374029168081,0.6578947368421053,0.29999999999999993,0.29999999999999993,-0.7,0.75,0.0,4.61,False,0.0,0.0,0.0,P,PORTIERE,0.0,0.0,4.613,0,0.0,0.0,5.678271193439263
P,Paleari,1,5.26,1,0.0,0.0,0.034,0.0,0.763,0,0,0,0.0,equilibrato,25.0,1.2,0.3,0.02857142857142857,30.0,0.8007374029168081,0.6578947368421053,0.29999999999999993,0.29999999999999993,0.0,0.763,0.0,5.26,False,0.0,0.0,0.0,P,PORTIERE,0.0,0.0,5.262,0,0.0,0.0,5.993047858574974
P,Siviero,1,5.26,1,0.0,0.0,0.05,0.0,0.75,0,0,0,0.0,equilibrato,25.0,1.2,0.3,0.02857142857142857,30.0,0.8007374029168081,0.6578947368421053,0.29999999999999993,0.29999999999999993,0.0,0.75,0.0,5.26,False,0.0,0.0,0.0,P,PORTIERE,0.0,0.0,5.26,0,0.0,0.0,5.992077822626944
P,Padelli,1,5.26,1,0.0,0.0,0.05,0.0,0.053,0,0,0,0.0,equilibrato,25.0,1.2,0.3,0.02857142857142857,30.0,0.8007374029168081,0.6578947368421053,0.29999999999999993,0.29999999999999993,0.0,0.053,0.0,5.26,False,0.0,0.0,0.0,P,PORTIERE,0.0,0.0,5.261,0,0.0,0.0,5.992562840600959
P,Piana,1,5.26,1,0.0,0.0,0.05,0.0,0.75,0,0,0,0.0,equilibrato,25.0,1.2,0.3,0.02857142857142857,30.0,0.8007374029168081,0.6578947368421053,0.29999999999999993,0.29999999999999993,0.0,0.75,0.0,5.26,False,0.0,0.0,0.0,P,PORTIERE,0.0,0.0,5.26,0,0.0,0.0,5.992077822626944
P,Grandi,1,5.26,1,0.0,0.0,0.05,0.0,0.75,0,0,0,0.0,equilibrato,25.0,1.2,0.3,0.02857142857142857,30.0,0.8007374029168081,0.6578947368421053,0.29999999999999993,0.29999999999999993,0.0,0.75,0.0,5.26,False,0.0,0.0,0.0,P,PORTIERE,0.0,0.0,5.26,0,0.0,0.0,5.992077822626944
P,Pozzi,1,5.74,1,0.0,0.0,0.05,0.0,0.75,1,1,0,0.0,equilibrato,25.0,1.2,0.3,0.02857142857142857,30.0,0.8007374029168081,0.6578947368421053,0.29999999999999993,0.29999999999999993,0.5,0.75,0.0,5.74,False,0.0,0.0,0.0,P,PORTIERE,0.0,0.0,5.74,0,0.0,0.0,6.335867160105636
P,Vismara,1,5.2,1,0.0,0.0,0.05,0.0,0.75,1,0,0,0.05,pressing,25.0,1.2,0.3,0.02857142857142857,30.0,0.8007374029168081,0.6578947368421053,0.29999999999999993,0.29999999999999993,-0.08,0.75,0.0,5.2,False,0.0,0.0,0.0,P,PORTIERE,0.0,0.0,5.195,0,0.0,0.0,5.960551654315972
P,Satalino,1,5.26,1,0.0,0.0,0.05,0.0,0.75,0,0,0,0.0,equilibrato,25.0,1.2,0.3,0.02857142857142857,30.0,0.8007374029168081,0.6578947368421053,0.29999999999999993,0.29999999999999993,0.0,0.75,0.0,5.26,False,0.0,0.0,0.0,P,PORTIERE,0.0,0.0,5.26,0,0.0,0.0,5.992077822626944
P,Penev,1,5.19,1,0.0,0.0,0.05,0.0,0.75,1,0,0,0.0,contropiede,25.0,1.2,0.3,0.02857142857142857,30.0,0.8007374029168081,0.6578947368421053,0.29999999999999993,0.29999999999999993,-0.1,0.75,0.0,5.19,False,0.0,0.0,0.0,P,PORTIERE,0.0,0.0,5.186,0,0.0,0.0,5.956186492549836
P,Pisseri,1,5.26,1,0.0,0.0,0.05,0.0,0.75,0,0,0,0.0,equilibrato,25.0,1.2,0.3,0.02857142857142857,30.0,0.8007374029168081,0.6578947368421053,0.29999999999999993,0.29999999999999993,0.0,0.75,0.0,5.26,False,0.0,0.0,0.0,P,PORTIERE,0.0,0.0,5.26,0,0.0,0.0,5.992077822626944
P,Radunovic,1,5.26,1,0.0,0.0,0.05,0.0,0.75,0,0,0,0.0,equilibrato,25.0,1.2,0.3,0.02857142857142857,30.0,0.8007374029168081,0.6578947368421053,0.29999999999999993,0.29999999999999993,0.0,0.75,0.0,5.26,False,0.0,0.0,0.0,P,PORTIERE,0.0,0.0,5.26,0,0.0,0.0,5.992077822626944
P,Montipò,1,5.9,1,0.0,0.029,0.05,0.0,0.921,1,1,0,0.0,pressing,25.0,1.2,0.3,0.02857142857142857,30.0,0.8007374029168081,0.6578947368421053,0.29999999999999993,0.29999999999999993,0.5,0.921,0.0,5.9,False,0.0,0.101,0.0,P,PORTIERE,0.0,0.101,6.303,0,0.0,0.0,6.768714374999999
P,Bleve,1,5.74,1,0.0,0.0,0.05,0.0,0.75,1,1,0,0.0,equilibrato,25.0,1.2,0.3,0.02857142857142857,30.0,0.8007374029168081,0.6578947368421053,0.29999999999999993,0.29999999999999993,0.5,0.75,0.0,5.74,False,0.0,0.0,0.0,P,PORTIERE,0.0,0.0,5.74,0,0.0,0.0,6.335867160105636
D,Dimarco,32,8.64,265,0.04,0.486,0.086,0.03,0.921,1,1,1,0.0,equilibrato,22.0,0.0,0.0,0.9142857142857143,26.0,0.9756109800648459,0.5789473684210527,0.0,0.836,0.3,0.921,0.0,8.64,False,0.42,0.0883,0.0,QUINTO_ATT,ESTERNO_OFFENSIVO,0.25,0.6583,11.857,0,0.0,0.08,7.546861648749999
D,Molina N.,18,5.95,87,0.04,0.06,0.227,0.03,0.579,1,-1,0,0.0,equilibrato,22.0,0.0,0.0,0.5142857142857142,26.0,0.9756109800648459,0.5789473684210527,0.0,0.1265,-0.7,0.579,0.0,5.95,False,0.0,-0.0069,0.0,D,TERZINO_BLOCCATO,0.0632,0.0311,6.075,0,0.0,0.0,5.044685838755444
D,Wesley,17,6.14,83,0.04,0.06,0.167,0.03,0.789,0,0,0,0.0,equilibrato,22.0,0.0,0.0,0.4857142857142857,26.0,0.9756109800648459,0.5789473684210527,0.0,0.15649999999999997,0.0,0.789,0.0,6.14,False,0.0,-0.0069,0.0,D,TERZINO_BLOCCATO,-0.1306,-0.0852,5.769,0,0.0,0.0,4.793298183346118
D,Akanji,16,5.71,55,0.04,0.06,0.125,0.03,0.842,1,-1,0,0.0,equilibrato,22.0,0.0,0.0,0.45714285714285713,26.0,0.9756109800648459,0.5789473684210527,0.0,0.1775,-0.7,0.842,0.0,5.71,False,0.0,-0.0069,0.0,D,TERZINO_BLOCCATO,-0.1545,-0.0996,5.298,0,0.0,0.0,4.652335768113944
D,Bremer,15,6.8,50,0.04,0.115,0.192,0.03,0.684,0,0,0,0.0,equilibrato,22.0,0.0,0.0,0.42857142857142855,26.0,0.9756109800648459,0.5789473684210527,0.0,0.2265,0.0,0.684,0.0,6.8,False,0.1,0.0054,0.0,QUINTO_ATT,TERZINO_CLASSICO,0.2177,0.2361,7.846,0,0.0,0.0,5.926935677167083
D,Mancini,15,6.08,49,0.04,0.056,0.25,0.03,0.947,0,0,0,0.0,equilibrato,22.0,0.0,0.0,0.42857142857142855,26.0,0.9756109800648459,0.5789473684210527,0.0,0.10900000000000001,0.0,0.947,0.0,6.08,False,0.0,-0.0077,0.0,D,TERZINO_BLOCCATO,-0.2037,-0.13,5.5,0,0.0,0.0,4.6814237324507
D,Bastoni,14,6.81,44,0.04,0.143,0.214,0.03,0.737,0,0,0,0.0,equilibrato,22.0,0.0,0.0,0.4,25.0,0.9059551911095096,0.5789473684210527,0.0,0.25749999999999995,0.0,0.737,0.0,6.81,False,0.1,0.0117,0.0,QUINTO_ATT,TERZINO_CLASSICO,0.2303,0.2499,7.914,0,0.0,0.0,5.992677833066345
D,Pavlovic,14,6.07,48,0.04,0.06,0.118,0.03,0.895,0,0,0,0.0,equilibrato,22.0,0.0,0.0,0.4,26.0,0.9756109800648459,0.5789473684210527,0.0,0.181,0.0,0.895,0.0,6.07,False,0.0,-0.0069,0.0,D,TERZINO_BLOCCATO,-0.1685,-0.108,5.595,0,0.0,0.0,4.758020329612825
D,Rrahmani,14,6.71,47,0.04,0.06,0.143,0.03,0.553,1,1,0,0.0,equilibrato,22.0,0.0,0.0,0.4,26.0,0.9756109800648459,0.5789473684210527,0.0,0.16849999999999998,0.5,0.553,0.0,6.71,False,0.0,-0.0069,0.0,D,TERZINO_BLOCCATO,0.0787,0.0404,6.896,0,0.0,0.0,5.496143495889901
D,Kalulu,13,6.64,46,0.04,0.108,0.054,0.03,0.974,0,0,0,0.0,equilibrato,22.0,0.0,0.0,0.37142857142857144,26.0,0.9756109800648459,0.5789473684210527,0.0,0.28500000000000003,0.0,0.974,0.0,6.64,False,0.1,0.0039,0.0,QUINTO_ATT,TERZINO_CLASSICO,0.1545,0.1966,7.503,0,0.0,0.0,5.810188351666803
D,N'Dicka,13,5.81,44,0.04,0.032,0.161,0.03,0.816,0,0,0,0.0,equilibrato,22.0,0.0,0.0,0.37142857142857144,26.0,0.9756109800648459,0.5789473684210527,0.0,0.11749999999999998,0.0,0.816,0.0,5.81,False,0.0,-0.0131,0.0,D,TERZINO_BLOCCATO,-0.2261,-0.1488,5.179,0,0.0,0.0,4.595729229733963
D,Solet,13,5.8,46,0.04,0.029,0.029,0.03,0.895,0,0,0,0.0,equilibrato,22.0,0.0,0.0,0.37142857142857144,26.0,0.9756109800648459,0.5789473684210527,0.0,0.179,0.0,0.895,0.0,5.8,False,0.0,-0.0138,0.0,D,TERZINO_BLOCCATO,-0.2374,-0.1562,5.13,0,0.0,0.0,4.570893170495066
D,Stones,12,5.32,38,0.04,0.06,0.18,0.03,0.7,1,-1,0,0.0,equilibrato,22.0,0.0,0.0,0.34285714285714286,26.0,0.9756109800648459,0.5789473684210527,0.0,0.15,-0.7,0.7,0.0,5.32,False,0.0,-0.0069,0.0,D,TERZINO_BLOCCATO,-0.0365,-0.0288,5.21,0,0.0,0.0,4.807146337127062
D,Gila,12,5.79,31,0.04,0.06,0.097,0.03,0.816,1,0,0,0.05,contropiede,22.0,0.0,0.0,0.34285714285714286,26.0,0.9756109800648459,0.5789473684210527,0.0,0.1915,-0.08,0.816,0.0,5.79,False,0.0,-0.0069,0.0,D,TERZINO_BLOCCATO,-0.1461,-0.0945,5.398,0,0.0,0.0,4.7611339860642135
D,Di Lorenzo,12,5.08,40,0.04,0.038,0.038,0.03,0.684,1,-1,1,0.0,equilibrato,22.0,0.0,0.0,0.34285714285714286,30.0,0.8007374029168081,0.5789473684210527,0.0,0.188,-0.8999999999999999,0.684,0.0,5.08,False,0.0,-0.0118,0.0,D,TERZINO_BLOCCATO,-0.2093,-0.1373,4.567,0,0.0,0.0,4.450695714636975
D,Spence,12,5.32,41,0.04,0.06,0.18,0.03,0.7,1,-1,0,0.0,equilibrato,22.0,0.0,0.0,0.34285714285714286,26.0,0.9756109800648459,0.5789473684210527,0.0,0.15,-0.7,0.7,0.0,5.32,False,0.0,-0.0069,0.0,D,TERZINO_BLOCCATO,-0.0365,-0.0288,5.21,0,0.0,0.0,4.807146337127062
D,Ostigard,11,5.81,40,0.04,0.06,0.233,0.03,0.789,0,0,0,0.0,equilibrato,22.0,0.0,0.0,0.3142857142857143,26.0,0.9756109800648459,0.5789473684210527,0.0,0.12349999999999998,0.0,0.789,0.0,5.81,False,0.0,-0.0069,0.0,D,TERZINO_BLOCCATO,-0.1306,-0.0852,5.454,0,0.0,0.0,4.816467427139386
D,Bisseck,11,6.32,33,0.04,0.087,0.087,0.03,0.605,0,0,0,0.0,equilibrato,22.0,0.0,0.0,0.3142857142857143,26.0,0.9756109800648459,0.5789473684210527,0.0,0.237,0.0,0.605,0.0,6.32,False,0.1,-0.0008,0.0,QUINTO_ATT,TERZINO_BLOCCATO,0.132,0.1784,7.069,0,0.0,0.0,5.71377479272912
D,Scalvini,10,5.7,28,0.04,0.042,0.083,0.03,0.632,0,0,0,0.0,equilibrato,22.0,0.0,0.0,0.2857142857142857,26.0,0.9756109800648459,0.5789473684210527,0.0,0.17149999999999999,0.0,0.632,0.0,5.7,False,0.0,-0.0109,0.0,D,TERZINO_BLOCCATO,-0.1756,-0.1162,5.223,0,0.0,0.0,4.728909528660959
D,Ramon,10,5.65,32,0.04,0.06,0.344,0.03,0.842,0,0,0,0.0,equilibrato,22.0,0.0,0.0,0.2857142857142857,26.0,0.9756109800648459,0.5789473684210527,0.0,0.068,0.0,0.842,0.0,5.65,False,0.0,-0.0069,0.0,D,TERZINO_BLOCCATO,-0.1545,-0.0996,5.247,0,0.0,0.0,4.760644297536748
D,Dodò,10,5.64,30,0.04,0.056,0.194,0.03,0.947,0,0,0,0.0,equilibrato,22.0,0.0,0.0,0.2857142857142857,26.0,0.9756109800648459,0.5789473684210527,0.0,0.137,0.0,0.947,0.0,5.64,False,0.0,-0.0077,0.0,D,TERZINO_BLOCCATO,-0.2037,-0.13,5.104,0,0.0,0.0,4.67227637096979
D,Hermoso,10,6.25,26,0.04,0.074,0.333,0.03,0.8,0,0,0,0.0,equilibrato,22.0,0.0,0.0,0.2857142857142857,26.0,0.9756109800648459,0.5789473684210527,0.0,0.0945,0.0,0.711,0.0,6.25,False,0.0,-0.0037,0.0,D,TERZINO_BLOCCATO,0.0871,0.0485,6.142,1,0.0,0.0,5.353832876722453
D,Vasquez,9,5.64,33,0.04,0.06,0.056,0.03,0.947,0,0,0,0.0,equilibrato,22.0,0.0,0.0,0.2571428571428571,26.0,0.9756109800648459,0.5789473684210527,0.0,0.212,0.0,0.947,0.0,5.64,False,0.0,-0.0069,0.0,D,TERZINO_BLOCCATO,-0.191,-0.1215,5.147,0,0.0,0.0,4.730357913092729
D,Cambiaso,9,6.64,27,0.04,0.111,0.083,0.03,0.947,0,0,0,0.0,equilibrato,22.0,0.0,0.0,0.2571428571428571,24.0,0.8007374029168081,0.5789473684210527,0.0,0.275,0.0,0.947,0.0,6.64,False,0.32,0.0045,0.0,QUINTO_DUTTILE,TERZINO_CLASSICO,0.1685,0.4256,8.39,0,0.0,0.0,6.627276152505006
D,Chalobah T.,9,6.18,26,0.04,0.06,0.18,0.03,0.7,1,1,0,0.0,equilibrato,22.0,0.0,0.0,0.2571428571428571,26.0,0.9756109800648459,0.5789473684210527,0.0,0.15,0.5,0.7,0.0,6.18,False,0.0,-0.0069,0.0,D,TERZINO_BLOCCATO,-0.0365,-0.0288,6.05,0,0.0,0.0,5.3187081649673615
D,Hien,8,5.59,16,0.04,0.06,0.179,0.03,0.737,0,0,0,0.0,equilibrato,22.0,0.0,0.0,0.22857142857142856,26.0,0.9756109800648459,0.5789473684210527,0.0,0.1505,0.0,0.737,0.0,5.59,False,0.0,-0.0069,0.0,D,TERZINO_BLOCCATO,-0.1194,-0.0785,5.273,0,0.0,0.0,4.8737110010522375
D,Zappacosta,8,5.94,24,0.04,0.029,0.086,0.03,0.921,0,0,0,0.0,equilibrato,22.0,0.0,0.0,0.22857142857142856,26.0,0.9756109800648459,0.5789473684210527,0.0,0.15050000000000002,0.0,0.921,0.0,5.94,False,0.28,-0.0138,0.0,QUINTO_ATT,TERZINO_BLOCCATO,-0.2444,0.1196,6.419,0,0.0,0.0,5.545203292591787
D,Lucumì,8,5.59,18,0.04,0.06,0.179,0.03,0.737,0,0,0,0.0,equilibrato,22.0,0.0,0.0,0.22857142857142856,26.0,0.9756109800648459,0.5789473684210527,0.0,0.1505,0.0,0.737,0.0,5.59,False,0.0,-0.0069,0.0,D,TERZINO_BLOCCATO,-0.1194,-0.0785,5.273,0,0.0,0.0,4.8737110010522375
D,Miranda J.,8,6.03,24,0.04,0.097,0.194,0.03,0.816,0,0,0,0.0,equilibrato,22.0,0.0,0.0,0.22857142857142856,26.0,0.9756109800648459,0.5789473684210527,0.0,0.19849999999999998,0.0,0.816,0.0,6.03,False,0.1,0.0014,0.0,QUINTO_ATT,TERZINO_BLOCCATO,0.1138,0.1697,6.713,0,0.0,0.0,5.719811053647907
D,Mina,8,7.2,20,0.04,0.038,0.115,0.03,0.9,0,0,0,0.0,equilibrato,22.0,0.0,0.0,0.22857142857142856,26.0,0.9756109800648459,0.5789473684210527,0.0,0.1495,0.0,0.684,0.0,7.2,False,0.0,-0.0118,0.0,D,TERZINO_BLOCCATO,-0.2093,-0.1373,4.927,1,0.0,0.0,5.172120193510959
D,Dragusin,8,5.66,27,0.04,0.06,0.18,0.03,0.7,0,0,0,0.0,equilibrato,22.0,0.0,0.0,0.22857142857142856,26.0,0.9756109800648459,0.5789473684210527,0.0,0.15,0.0,0.7,0.0,5.66,False,0.0,-0.0069,0.0,D,TERZINO_BLOCCATO,-0.0365,-0.0288,5.542,0,0.0,0.0,5.034341655231435
D,Jimenez A.,8,5.84,23,0.04,0.06,1.0,0.03,0.026,0,0,0,0.0,equilibrato,22.0,0.0,0.0,0.22857142857142856,26.0,0.9756109800648459,0.5789473684210527,0.0,-0.26,0.0,0.026,0.0,5.84,False,0.0,-0.0069,0.0,D,TERZINO_BLOCCATO,0.2079,0.1179,6.303,0,0.0,0.0,5.50660499011739
D,Norton-Cuffy,8,5.48,22,0.04,0.037,0.111,0.03,0.711,0,0,0,0.0,equilibrato,22.0,0.0,0.0,0.22857142857142856,26.0,0.9756109800648459,0.5789473684210527,0.0,0.15,0.0,0.711,0.0,5.48,False,0.0,-0.012,0.0,D,TERZINO_BLOCCATO,-0.2149,-0.1409,4.917,0,0.0,0.0,4.668813825373402
D,Celik,8,5.58,13,0.04,0.062,0.062,0.03,0.842,0,0,0,0.0,equilibrato,22.0,0.0,0.0,0.22857142857142856,26.0,0.9756109800648459,0.5789473684210527,0.0,0.212,0.0,0.842,0.0,5.58,False,0.0,-0.0064,0.0,D,TERZINO_BLOCCATO,-0.1404,-0.0906,5.213,0,0.0,0.0,4.836861853219845
D,Bartesaghi,8,5.58,25,0.04,0.06,0.097,0.03,0.816,0,0,0,0.0,equilibrato,22.0,0.0,0.0,0.22857142857142856,26.0,0.9756109800648459,0.5789473684210527,0.0,0.1915,0.0,0.816,0.0,5.58,False,0.0,-0.0069,0.0,D,TERZINO_BLOCCATO,-0.1461,-0.0945,5.198,0,0.0,0.0,4.8262371211365656
D,Spinazzola,8,6.41,24,0.04,0.1,0.033,0.03,0.789,0,0,0,0.0,equilibrato,22.0,0.0,0.0,0.22857142857142856,26.0,0.9756109800648459,0.5789473684210527,0.0,0.28350000000000003,0.0,0.789,0.0,6.41,False,0.25,0.0021,0.0,QUINTO_ATT,TERZINO_CLASSICO,0.1798,0.36,7.871,0,0.0,0.0,6.409501982521511
D,Delprato,8,5.53,21,0.04,0.06,0.143,0.03,0.921,0,0,0,0.0,equilibrato,22.0,0.0,0.0,0.22857142857142856,26.0,0.9756109800648459,0.5789473684210527,0.0,0.16849999999999998,0.0,0.921,0.0,5.53,False,0.0,-0.0069,0.0,D,TERZINO_BLOCCATO,-0.1826,-0.1164,5.063,0,0.0,0.0,4.750964534960491
D,Valeri,8,5.54,24,0.04,0.059,0.059,0.03,0.895,0,0,0,0.0,equilibrato,22.0,0.0,0.0,0.22857142857142856,26.0,0.9756109800648459,0.5789473684210527,0.0,0.209,0.0,0.895,0.0,5.54,False,0.0,-0.0071,0.0,D,TERZINO_BLOCCATO,-0.1713,-0.1099,5.101,0,0.0,0.0,4.77232085863084
D,Koulierakis,8,5.14,20,0.04,0.06,0.18,0.03,0.7,1,-1,0,0.0,equilibrato,22.0,0.0,0.0,0.22857142857142856,26.0,0.9756109800648459,0.5789473684210527,0.0,0.15,-0.7,0.7,0.0,5.14,False,0.0,-0.0069,0.0,D,TERZINO_BLOCCATO,-0.0365,-0.0288,5.036,0,0.0,0.0,4.876314536693787
D,Vojvoda,8,5.91,19,0.04,0.037,0.074,0.03,0.711,1,1,0,0.05,contropiede,22.0,0.0,0.0,0.22857142857142856,26.0,0.9756109800648459,0.5789473684210527,0.0,0.16849999999999998,0.52,0.711,0.0,5.91,False,0.0,-0.012,0.0,D,TERZINO_BLOCCATO,-0.2149,-0.1409,5.3,0,0.0,0.0,4.958814595409821
D,Couto,8,5.97,27,0.04,0.06,0.18,0.03,0.7,1,1,1,0.0,equilibrato,22.0,0.0,0.0,0.22857142857142856,26.0,0.9756109800648459,0.5789473684210527,0.0,0.15,0.3,0.7,0.0,5.97,False,0.0,-0.0069,0.0,D,TERZINO_BLOCCATO,-0.0365,-0.0288,5.849,0,0.0,0.0,5.308878993171913
D,Obert,7,6.4,14,0.04,0.088,0.235,0.03,0.85,0,0,0,0.0,equilibrato,22.0,0.0,0.0,0.2,26.0,0.9756109800648459,0.5789473684210527,0.0,0.16450000000000004,0.0,0.895,0.0,6.4,False,0.1,-0.0006,0.0,QUINTO_ATT,TERZINO_BLOCCATO,0.0702,0.1415,6.445,1,0.0,0.0,5.826790179469736
D,Kaiki,7,5.92,23,0.04,0.06,0.18,0.03,0.7,1,1,1,0.0,equilibrato,22.0,0.0,0.0,0.2,26.0,0.9756109800648459,0.5789473684210527,0.0,0.15,0.3,0.7,0.0,5.92,False,0.0,-0.0069,0.0,D,TERZINO_BLOCCATO,-0.0365,-0.0288,5.799,0,0.0,0.0,5.355629030292417
D,Carlos Augusto,7,5.38,27,0.04,0.036,0.214,0.03,0.737,0,0,0,0.0,equilibrato,22.0,0.0,0.0,0.2,26.0,0.9756109800648459,0.5789473684210527,0.0,0.09699999999999999,0.0,0.737,0.0,5.38,False,0.0,-0.0122,0.0,D,TERZINO_BLOCCATO,-0.2191,-0.1437,4.818,0,0.0,0.0,4.680085988244979
D,Doekhi,7,5.07,22,0.04,0.06,0.18,0.03,0.7,1,-1,0,0.0,equilibrato,22.0,0.0,0.0,0.2,26.0,0.9756109800648459,0.5789473684210527,0.0,0.15,-0.7,0.7,0.0,5.07,False,0.0,-0.0069,0.0,D,TERZINO_BLOCCATO,-0.0365,-0.0288,4.97,0,0.0,0.0,4.903515555853664
D,Romagnoli,7,5.48,24,0.04,0.06,0.156,0.03,0.842,0,0,0,0.0,equilibrato,22.0,0.0,0.0,0.2,26.0,0.9756109800648459,0.5789473684210527,0.0,0.16199999999999998,0.0,0.842,0.0,5.48,False,0.0,-0.0069,0.0,D,TERZINO_BLOCCATO,-0.1545,-0.0996,5.089,0,0.0,0.0,4.833216160218556
D,Tiago Gabriel,7,5.77,17,0.04,0.06,0.194,0.03,0.947,1,1,1,0.0,equilibrato,22.0,0.0,0.0,0.2,26.0,0.9756109800648459,0.5789473684210527,0.0,0.143,0.3,0.947,0.0,5.77,False,0.0,-0.0069,0.0,D,TERZINO_BLOCCATO,-0.191,-0.1215,5.259,0,0.0,0.0,5.033194114687863
D,Gabbia,7,5.52,25,0.04,0.06,0.138,0.03,0.763,0,0,0,0.0,equilibrato,22.0,0.0,0.0,0.2,26.0,0.9756109800648459,0.5789473684210527,0.0,0.17099999999999999,0.0,0.763,0.0,5.52,False,0.0,-0.0069,0.0,D,TERZINO_BLOCCATO,-0.1264,-0.0827,5.192,0,0.0,0.0,4.89201897645467
D,Tomori,7,5.37,11,0.04,0.031,0.188,0.03,0.842,0,0,0,0.0,equilibrato,22.0,0.0,0.0,0.2,26.0,0.9756109800648459,0.5789473684210527,0.0,0.10249999999999998,0.0,0.842,0.0,5.37,False,0.0,-0.0133,0.0,D,TERZINO_BLOCCATO,-0.2317,-0.1524,4.771,0,0.0,0.0,4.652260229722652
D,Buongiorno,7,5.39,15,0.04,0.031,0.094,0.03,0.842,0,0,0,0.0,equilibrato,22.0,0.0,0.0,0.2,26.0,0.9756109800648459,0.5789473684210527,0.0,0.14949999999999997,0.0,0.842,0.0,5.39,False,0.0,-0.0133,0.0,D,TERZINO_BLOCCATO,-0.2317,-0.1524,4.79,0,0.0,0.0,4.658402256755802
D,Idzes,7,5.48,19,0.04,0.06,0.086,0.03,0.921,0,0,0,0.0,equilibrato,22.0,0.0,0.0,0.2,26.0,0.9756109800648459,0.5789473684210527,0.0,0.197,0.0,0.921,0.0,5.48,False,0.0,-0.0069,0.0,D,TERZINO_BLOCCATO,-0.1826,-0.1164,5.016,0,0.0,0.0,4.784773852591774
D,Coco,7,5.4,18,0.04,0.029,0.086,0.03,0.921,0,0,0,0.0,equilibrato,22.0,0.0,0.0,0.2,26.0,0.9756109800648459,0.5789473684210527,0.0,0.15050000000000002,0.0,0.921,0.0,5.4,False,0.0,-0.0138,0.0,D,TERZINO_BLOCCATO,-0.2444,-0.1604,4.76,0,0.0,0.0,4.636903266834952
D,Ismajli,7,5.94,18,0.04,0.083,0.208,0.03,0.632,0,0,0,0.0,equilibrato,22.0,0.0,0.0,0.2,26.0,0.9756109800648459,0.5789473684210527,0.0,0.17049999999999998,0.0,0.632,0.0,5.94,False,0.1,-0.0017,0.0,QUINTO_ATT,TERZINO_BLOCCATO,0.1264,0.1741,6.628,0,0.0,0.0,5.762810939045329
D,Kristensen T.,7,5.24,20,0.04,0.06,0.143,0.03,0.737,1,0,1,0.05,contropiede,22.0,0.0,0.0,0.2,26.0,0.9756109800648459,0.5789473684210527,0.0,0.16849999999999998,-0.28,0.737,0.0,5.24,False,0.0,-0.0069,0.0,D,TERZINO_BLOCCATO,-0.1194,-0.0785,4.946,0,0.0,0.0,4.818636703917442
D,Ahanor,6,5.67,16,0.04,0.06,0.095,0.03,0.553,0,0,0,0.0,equilibrato,22.0,0.0,0.0,0.17142857142857143,26.0,0.9756109800648459,0.5789473684210527,0.0,0.1925,0.0,0.553,0.0,5.67,False,0.0,-0.0069,0.0,D,TERZINO_BLOCCATO,0.0787,0.0404,5.828,0,0.0,0.0,5.359491901904026
D,Bellanova,6,6.03,15,0.04,0.045,0.091,0.03,0.579,0,0,0,0.0,equilibrato,22.0,0.0,0.0,0.17142857142857143,24.0,0.8007374029168081,0.5789473684210527,0.0,0.172,0.0,0.579,0.0,6.03,False,0.35,-0.0102,0.0,QUINTO_ATT,TERZINO_BLOCCATO,-0.1362,0.2581,7.044,0,0.0,0.0,6.123999994578127
D,Bernasconi,6,6.69,17,0.04,0.136,0.136,0.03,0.579,1,1,0,0.0,equilibrato,22.0,0.0,0.0,0.17142857142857143,26.0,0.9756109800648459,0.5789473684210527,0.0,0.286,0.5,0.579,0.0,6.69,False,0.1,0.0101,0.0,QUINTO_ATT,TERZINO_CLASSICO,0.2331,0.25,7.779,0,0.0,0.0,6.5716475979899
D,Heggem,6,5.62,15,0.04,0.06,0.18,0.03,0.658,0,0,0,0.0,equilibrato,22.0,0.0,0.0,0.17142857142857143,26.0,0.9756109800648459,0.5789473684210527,0.0,0.15,0.0,0.658,0.0,5.62,False,0.0,-0.0069,0.0,D,TERZINO_BLOCCATO,0.0393,0.0167,5.685,0,0.0,0.0,5.274125015072022
D,Zortea,6,5.66,19,0.04,0.071,0.071,0.03,0.737,0,0,0,0.0,equilibrato,22.0,0.0,0.0,0.17142857142857143,26.0,0.9756109800648459,0.5789473684210527,0.0,0.22099999999999995,0.0,0.737,0.0,5.66,False,0.0,-0.0044,0.0,D,TERZINO_BLOCCATO,0.0534,0.0276,5.771,0,0.0,0.0,5.32023065989046
D,Valle,6,6.01,18,0.04,0.115,0.115,0.03,0.684,0,0,0,0.0,equilibrato,22.0,0.0,0.0,0.17142857142857143,26.0,0.9756109800648459,0.5789473684210527,0.0,0.265,0.0,0.684,0.0,6.01,False,0.1,0.0054,0.0,QUINTO_ATT,TERZINO_CLASSICO,0.2177,0.2361,6.942,0,0.0,0.0,6.0523838200301805
D,Valdepenas,6,5.54,18,0.04,0.06,0.18,0.03,0.7,0,0,0,0.0,equilibrato,22.0,0.0,0.0,0.17142857142857143,26.0,0.9756109800648459,0.5789473684210527,0.0,0.15,0.0,0.7,0.0,5.54,False,0.0,-0.0069,0.0,D,TERZINO_BLOCCATO,-0.0365,-0.0288,5.43,0,0.0,0.0,5.118600575680338
D,Viery,6,5.43,19,0.04,0.06,0.18,0.03,0.7,1,0,0,0.0,equilibrato,22.0,0.0,0.0,0.17142857142857143,26.0,0.9756109800648459,0.5789473684210527,0.0,0.15,-0.1,0.7,0.0,5.43,False,0.0,-0.0069,0.0,D,TERZINO_BLOCCATO,-0.0365,-0.0288,5.32,0,0.0,0.0,5.081815047157438
D,Monterisi,6,5.54,14,0.04,0.06,0.18,0.03,0.7,0,0,0,0.0,equilibrato,22.0,0.0,0.0,0.17142857142857143,26.0,0.9756109800648459,0.5789473684210527,0.0,0.15,0.0,0.7,0.0,5.54,False,0.0,-0.0069,0.0,D,TERZINO_BLOCCATO,-0.0365,-0.0288,5.43,0,0.0,0.0,5.118600575680338
D,Marcandalli,6,5.34,13,0.04,0.032,0.129,0.03,0.816,0,0,0,0.0,equilibrato,22.0,0.0,0.0,0.17142857142857143,26.0,0.9756109800648459,0.5789473684210527,0.0,0.13349999999999998,0.0,0.816,0.0,5.34,False,0.0,-0.0131,0.0,D,TERZINO_BLOCCATO,-0.2261,-0.1488,4.76,0,0.0,0.0,4.714291017877577
D,Pavard,6,5.77,18,0.04,0.06,0.18,0.03,0.026,0,0,0,0.0,equilibrato,22.0,0.0,0.0,0.17142857142857143,26.0,0.9756109800648459,0.5789473684210527,0.0,0.15,0.0,0.026,0.0,5.77,False,0.0,-0.0069,0.0,D,TERZINO_BLOCCATO,0.2079,0.1179,6.228,0,0.0,0.0,5.6174924374495525
D,Tavares N.,6,5.63,17,0.04,0.06,0.227,0.03,0.579,0,0,0,0.0,equilibrato,22.0,0.0,0.0,0.17142857142857143,26.0,0.9756109800648459,0.5789473684210527,0.0,0.1265,0.0,0.579,0.0,5.63,False,0.0,-0.0069,0.0,D,TERZINO_BLOCCATO,0.0632,0.0311,5.749,0,0.0,0.0,5.318543807158439
D,Marusic,6,5.44,20,0.04,0.061,0.03,0.03,0.868,0,0,0,0.0,equilibrato,22.0,0.0,0.0,0.17142857142857143,26.0,0.9756109800648459,0.5789473684210527,0.0,0.22649999999999998,0.0,0.868,0.0,5.44,False,0.0,-0.0066,0.0,D,TERZINO_BLOCCATO,-0.1601,-0.1027,5.037,0,0.0,0.0,4.875061170859348
D,Gallo,6,5.82,13,0.04,0.081,0.081,0.03,0.974,0,0,0,0.0,equilibrato,22.0,0.0,0.0,0.17142857142857143,26.0,0.9756109800648459,0.5789473684210527,0.0,0.23099999999999996,0.0,0.974,0.0,5.82,False,0.1,-0.0022,0.0,QUINTO_ATT,TERZINO_BLOCCATO,0.0365,0.1197,6.295,0,0.0,0.0,5.642457987652369
D,Mangas,6,5.87,15,0.04,0.06,0.18,0.03,0.7,1,1,1,0.0,equilibrato,22.0,0.0,0.0,0.17142857142857143,26.0,0.9756109800648459,0.5789473684210527,0.0,0.15,0.3,0.7,0.0,5.87,False,0.0,-0.0069,0.0,D,TERZINO_BLOCCATO,-0.0365,-0.0288,5.752,0,0.0,0.0,5.419146917539435
D,Beukema,6,5.65,13,0.04,0.06,0.091,0.03,0.579,0,0,0,0.0,equilibrato,22.0,0.0,0.0,0.17142857142857143,26.0,0.9756109800648459,0.5789473684210527,0.0,0.1945,0.0,0.579,0.0,5.65,False,0.0,-0.0069,0.0,D,TERZINO_BLOCCATO,0.0632,0.0311,5.776,0,0.0,0.0,5.327291066127189
D,Comuzzo,6,5.37,11,0.04,0.06,0.083,0.03,0.632,1,0,1,0.05,possesso,22.0,0.0,0.0,0.17142857142857143,26.0,0.9756109800648459,0.5789473684210527,0.0,0.19849999999999998,-0.28,0.632,0.0,5.37,False,0.0,-0.0069,0.0,D,TERZINO_BLOCCATO,0.0435,0.0192,5.445,0,0.0,0.0,5.199080978245217
D,Kamara H.,6,5.68,12,0.04,0.077,0.192,0.03,0.684,0,0,0,0.0,equilibrato,22.0,0.0,0.0,0.17142857142857143,26.0,0.9756109800648459,0.5789473684210527,0.0,0.16949999999999996,0.0,0.684,0.0,5.68,False,0.0,-0.0031,0.0,D,TERZINO_BLOCCATO,0.0927,0.0526,5.891,0,0.0,0.0,5.399777549088935
D,Bella-Kotchap,6,6.17,13,0.04,0.06,0.167,0.03,0.474,1,1,0,0.1,pressing,22.0,0.0,0.0,0.17142857142857143,26.0,0.9756109800648459,0.5789473684210527,0.0,0.15649999999999997,0.54,0.474,0.0,6.17,False,0.0,-0.0069,0.0,D,TERZINO_BLOCCATO,0.0969,0.0513,6.392,0,0.0,0.0,5.764782658758046
D,Obrador,6,6.06,15,0.04,0.188,0.062,0.03,0.421,1,0,1,0.0,equilibrato,22.0,0.0,0.0,0.17142857142857143,26.0,0.9756109800648459,0.5789473684210527,0.0,0.401,-0.30000000000000004,0.421,0.0,6.06,False,0.18,0.0217,0.0,QUINTO_ATT,TERZINO_CLASSICO,0.2416,0.3467,7.399,0,0.0,0.0,6.398323000024674
D,Kolasinac,5,5.59,12,0.04,0.06,0.176,0.03,0.447,0,0,0,0.0,equilibrato,22.0,0.0,0.0,0.14285714285714285,26.0,0.9756109800648459,0.5789473684210527,0.0,0.152,0.0,0.447,0.0,5.59,False,0.0,-0.0069,0.0,D,TERZINO_BLOCCATO,0.1053,0.0563,5.808,0,0.0,0.0,5.476205369788697
D,Vitik,5,5.58,11,0.04,0.06,0.167,0.03,0.474,0,0,0,0.0,equilibrato,22.0,0.0,0.0,0.14285714285714285,26.0,0.9756109800648459,0.5789473684210527,0.0,0.15649999999999997,0.0,0.474,0.0,5.58,False,0.0,-0.0069,0.0,D,TERZINO_BLOCCATO,0.0969,0.0513,5.782,0,0.0,0.0,5.459457805823831
D,Holm,5,5.56,13,0.04,0.25,0.062,0.03,0.421,1,-1,1,0.1,pressing,22.0,0.0,0.0,0.14285714285714285,26.0,0.9756109800648459,0.5789473684210527,0.0,0.494,-0.8599999999999999,0.421,0.0,5.56,False,0.18,0.0356,0.0,QUINTO_ATT,TERZINO_CLASSICO,0.2472,0.3639,6.831,0,0.0,0.0,6.359854271966013
D,Kofler,5,5.68,11,0.04,0.06,0.18,0.03,0.7,1,1,1,0.0,equilibrato,22.0,0.0,0.0,0.14285714285714285,26.0,0.9756109800648459,0.5789473684210527,0.0,0.15,0.3,0.7,0.0,5.68,False,0.0,-0.0069,0.0,D,TERZINO_BLOCCATO,-0.0365,-0.0288,5.559,0,0.0,0.0,5.457493841091979
D,Zè Pedro,5,4.69,11,0.04,0.045,0.273,0.03,0.579,1,-1,0,0.0,equilibrato,22.0,0.0,0.0,0.14285714285714285,26.0,0.9756109800648459,0.5789473684210527,0.0,0.08099999999999999,-0.7,0.579,0.0,4.69,False,0.0,-0.0102,0.0,D,TERZINO_BLOCCATO,-0.1362,-0.0919,4.381,0,0.0,0.0,4.747120725038531
D,Kempf,5,5.26,13,0.04,0.034,0.103,0.03,0.763,0,0,0,0.0,equilibrato,22.0,0.0,0.0,0.14285714285714285,26.0,0.9756109800648459,0.5789473684210527,0.0,0.1495,0.0,0.763,0.0,5.26,False,0.0,-0.0127,0.0,D,TERZINO_BLOCCATO,-0.2219,-0.1458,4.702,0,0.0,0.0,4.7814313620856
D,Parisi,5,5.65,12,0.04,0.043,0.261,0.03,0.605,0,0,0,0.0,equilibrato,22.0,0.0,0.0,0.14285714285714285,26.0,0.9756109800648459,0.5789473684210527,0.0,0.08399999999999999,0.0,0.605,0.0,5.65,False,0.22,-0.0107,0.0,QUINTO_ATT,TERZINO_BLOCCATO,-0.1643,0.1108,6.074,0,0.0,0.0,5.657140660826798
D,Bracaglia,5,5.45,11,0.04,0.06,0.18,0.03,0.7,0,0,0,0.0,equilibrato,22.0,0.0,0.0,0.14285714285714285,26.0,0.9756109800648459,0.5789473684210527,0.0,0.15,0.0,0.7,0.0,5.45,False,0.0,-0.0069,0.0,D,TERZINO_BLOCCATO,-0.0365,-0.0288,5.34,0,0.0,0.0,5.179789084503091
D,Oyono A.,5,5.45,12,0.04,0.06,0.18,0.03,0.7,0,0,0,0.0,equilibrato,22.0,0.0,0.0,0.14285714285714285,26.0,0.9756109800648459,0.5789473684210527,0.0,0.15,0.0,0.7,0.0,5.45,False,0.0,-0.0069,0.0,D,TERZINO_BLOCCATO,-0.0365,-0.0288,5.34,0,0.0,0.0,5.179789084503091
D,Martin,5,6.22,15,0.04,0.172,0.069,0.03,0.763,0,0,0,0.0,equilibrato,22.0,0.0,0.0,0.14285714285714285,26.0,0.9756109800648459,0.5789473684210527,0.0,0.37350000000000005,0.0,0.763,0.0,6.22,False,0.18,0.0182,0.0,QUINTO_ATT,TERZINO_CLASSICO,0.236,0.3398,7.562,0,0.0,0.0,6.563026775326984
D,Kelly L.,5,5.24,10,0.04,0.029,0.114,0.03,0.921,0,0,0,0.0,equilibrato,22.0,0.0,0.0,0.14285714285714285,26.0,0.9756109800648459,0.5789473684210527,0.0,0.1365,0.0,0.921,0.0,5.24,False,0.0,-0.0138,0.0,D,TERZINO_BLOCCATO,-0.2444,-0.1604,4.624,0,0.0,0.0,4.732730033679127
D,Pedraza,5,4.8,15,0.04,0.06,0.18,0.03,0.7,1,-1,0,0.0,equilibrato,22.0,0.0,0.0,0.14285714285714285,26.0,0.9756109800648459,0.5789473684210527,0.0,0.15,-0.7,0.7,0.0,4.8,False,0.0,-0.0069,0.0,D,TERZINO_BLOCCATO,-0.0365,-0.0288,4.7,0,0.0,0.0,4.956490737876797
D,Gaspar K.,5,5.54,12,0.04,0.06,0.286,0.03,0.553,0,0,0,0.0,equilibrato,22.0,0.0,0.0,0.14285714285714285,26.0,0.9756109800648459,0.5789473684210527,0.0,0.097,0.0,0.553,0.0,5.54,False,0.0,-0.0069,0.0,D,TERZINO_BLOCCATO,0.0787,0.0404,5.697,0,0.0,0.0,5.412377002689214
D,Veiga D.,5,5.3,11,0.04,0.06,0.25,0.03,0.947,0,0,0,0.0,equilibrato,22.0,0.0,0.0,0.14285714285714285,26.0,0.9756109800648459,0.5789473684210527,0.0,0.11499999999999999,0.0,0.947,0.0,5.3,False,0.0,-0.0069,0.0,D,TERZINO_BLOCCATO,-0.191,-0.1215,4.828,0,0.0,0.0,4.8609425380929325
D,Olivera,5,5.56,13,0.04,0.06,0.136,0.03,0.579,0,0,0,0.0,equilibrato,22.0,0.0,0.0,0.14285714285714285,26.0,0.9756109800648459,0.5789473684210527,0.0,0.172,0.0,0.579,0.0,5.56,False,0.0,-0.0069,0.0,D,TERZINO_BLOCCATO,0.0632,0.0311,5.676,0,0.0,0.0,5.390234569761971
D,Rensch,5,6.24,16,0.04,0.211,0.053,0.03,0.5,0,0,0,0.0,equilibrato,22.0,0.0,0.0,0.14285714285714285,26.0,0.9756109800648459,0.5789473684210527,0.0,0.44,0.0,0.5,0.0,6.24,False,0.18,0.0269,0.0,QUINTO_ATT,TERZINO_CLASSICO,0.2444,0.3535,7.637,0,0.0,0.0,6.613394333299718
D,Pedersen,5,5.56,13,0.04,0.071,0.107,0.03,0.737,0,0,0,0.0,equilibrato,22.0,0.0,0.0,0.14285714285714285,26.0,0.9756109800648459,0.5789473684210527,0.0,0.20299999999999996,0.0,0.737,0.0,5.56,False,0.0,-0.0044,0.0,D,TERZINO_BLOCCATO,0.0534,0.0276,5.67,0,0.0,0.0,5.382498244197523
D,Moreno M.,5,5.85,11,0.04,0.06,0.18,0.03,0.7,1,1,0,0.0,equilibrato,22.0,0.0,0.0,0.14285714285714285,26.0,0.9756109800648459,0.5789473684210527,0.0,0.15,0.5,0.7,0.0,5.85,False,0.0,-0.0069,0.0,D,TERZINO_BLOCCATO,-0.0365,-0.0288,5.729,0,0.0,0.0,5.516562058165905
D,Haps,5,5.45,11,0.04,0.06,0.18,0.03,0.7,0,0,0,0.0,equilibrato,22.0,0.0,0.0,0.14285714285714285,26.0,0.9756109800648459,0.5789473684210527,0.0,0.15,0.0,0.7,0.0,5.45,False,0.0,-0.0069,0.0,D,TERZINO_BLOCCATO,-0.0365,-0.0288,5.34,0,0.0,0.0,5.179789084503091
D,Fortini,5,5.4,13,0.04,0.06,0.18,0.03,0.316,1,0,1,0.05,possesso,22.0,0.0,0.0,0.14285714285714285,26.0,0.9756109800648459,0.5789473684210527,0.0,0.15,-0.28,0.316,0.0,5.4,False,0.0,-0.0069,0.0,D,TERZINO_BLOCCATO,0.1376,0.0757,5.677,0,0.0,0.0,5.462774833839322
D,Zappa,4,5.96,9,0.04,0.12,0.08,0.03,0.658,0,0,0,0.0,equilibrato,22.0,0.0,0.0,0.11428571428571428,26.0,0.9756109800648459,0.5789473684210527,0.0,0.29,0.0,0.658,0.0,5.96,False,0.1,0.0066,0.0,QUINTO_ATT,TERZINO_CLASSICO,0.2247,0.2414,6.902,0,0.0,0.0,6.331989426229916
D,Smolcic I.,4,5.17,10,0.04,0.04,0.32,0.03,0.658,0,0,0,0.0,equilibrato,22.0,0.0,0.0,0.11428571428571428,26.0,0.9756109800648459,0.5789473684210527,0.0,0.04999999999999999,0.0,0.658,0.0,5.17,False,0.0,-0.0113,0.0,D,TERZINO_BLOCCATO,-0.198,-0.1301,4.683,0,0.0,0.0,4.917955155254534
D,Pongracic,4,5.21,8,0.04,0.06,0.343,0.03,0.921,0,0,0,0.0,equilibrato,22.0,0.0,0.0,0.11428571428571428,26.0,0.9756109800648459,0.5789473684210527,0.0,0.06849999999999998,0.0,0.921,0.0,5.21,False,0.0,-0.0069,0.0,D,TERZINO_BLOCCATO,-0.1826,-0.1164,4.768,0,0.0,0.0,4.969679533244679
D,Calvani,4,5.08,10,0.04,0.06,0.18,0.03,0.7,1,0,1,0.0,equilibrato,22.0,0.0,0.0,0.11428571428571428,26.0,0.9756109800648459,0.5789473684210527,0.0,0.15,-0.30000000000000004,0.7,0.0,5.08,False,0.0,-0.0069,0.0,D,TERZINO_BLOCCATO,-0.0365,-0.0288,4.979,0,0.0,0.0,5.179470349719777
D,Mitaj,4,5.08,9,0.04,0.06,0.18,0.03,0.7,1,0,1,0.0,equilibrato,22.0,0.0,0.0,0.11428571428571428,26.0,0.9756109800648459,0.5789473684210527,0.0,0.15,-0.30000000000000004,0.7,0.0,5.08,False,0.0,-0.0069,0.0,D,TERZINO_BLOCCATO,-0.0365,-0.0288,4.979,0,0.0,0.0,5.179470349719777
D,Gatti,4,5.53,10,0.04,0.06,0.188,0.03,0.421,0,0,0,0.0,equilibrato,22.0,0.0,0.0,0.11428571428571428,26.0,0.9756109800648459,0.5789473684210527,0.0,0.146,0.0,0.421,0.0,5.53,False,0.0,-0.0069,0.0,D,TERZINO_BLOCCATO,0.1208,0.0656,5.775,0,0.0,0.0,5.623458755909868
D,Siebert,4,5.51,12,0.04,0.06,0.158,0.03,0.5,0,0,0,0.0,equilibrato,22.0,0.0,0.0,0.11428571428571428,26.0,0.9756109800648459,0.5789473684210527,0.0,0.16099999999999998,0.0,0.5,0.0,5.51,False,0.0,-0.0069,0.0,D,TERZINO_BLOCCATO,0.0899,0.0471,5.688,0,0.0,0.0,5.561759401716654
D,Delli Carri,4,5.38,11,0.04,0.06,0.18,0.03,0.7,0,0,0,0.0,equilibrato,22.0,0.0,0.0,0.11428571428571428,26.0,0.9756109800648459,0.5789473684210527,0.0,0.15,0.0,0.7,0.0,5.38,False,0.0,-0.0069,0.0,D,TERZINO_BLOCCATO,-0.0365,-0.0288,5.269,0,0.0,0.0,5.287594258606214
D,Lucchesi,4,4.8,12,0.04,0.06,0.18,0.03,0.7,1,-1,0,0.05,equilibrato,22.0,0.0,0.0,0.11428571428571428,26.0,0.9756109800648459,0.5789473684210527,0.0,0.15,-0.6799999999999999,0.7,0.0,4.8,False,0.0,-0.0069,0.0,D,TERZINO_BLOCCATO,-0.0365,-0.0288,4.707,0,0.0,0.0,5.07792154340076
D,Birindelli,4,5.38,12,0.04,0.06,0.18,0.03,0.7,0,0,0,0.0,equilibrato,22.0,0.0,0.0,0.11428571428571428,26.0,0.9756109800648459,0.5789473684210527,0.0,0.15,0.0,0.7,0.0,5.38,False,0.0,-0.0069,0.0,D,TERZINO_BLOCCATO,-0.0365,-0.0288,5.269,0,0.0,0.0,5.287594258606214
D,Valenti,4,5.29,10,0.04,0.06,0.259,0.03,0.711,0,0,0,0.0,equilibrato,22.0,0.0,0.0,0.11428571428571428,26.0,0.9756109800648459,0.5789473684210527,0.0,0.11049999999999999,0.0,0.711,0.0,5.29,False,0.0,-0.0069,0.0,D,TERZINO_BLOCCATO,-0.111,-0.0735,5.01,0,0.0,0.0,5.123452223694729
D,Ghilardi,4,4.95,10,0.04,0.06,0.048,0.03,0.553,1,-1,0,0.1,pressing,22.0,0.0,0.0,0.11428571428571428,26.0,0.9756109800648459,0.5789473684210527,0.0,0.216,-0.6599999999999999,0.553,0.0,4.95,False,0.0,-0.0069,0.0,D,TERZINO_BLOCCATO,0.0787,0.0404,5.089,0,0.0,0.0,5.3300710972720555
D,Walukiewicz,4,5.12,10,0.04,0.029,0.206,0.03,0.895,1,0,0,0.1,equilibrato,22.0,0.0,0.0,0.11428571428571428,26.0,0.9756109800648459,0.5789473684210527,0.0,0.09050000000000001,-0.06,0.895,0.0,5.12,False,0.0,-0.0138,0.0,D,TERZINO_BLOCCATO,-0.2374,-0.1562,4.529,0,0.0,0.0,4.82189970845128
D,Doig,4,5.3,10,0.04,0.06,0.185,0.03,0.711,0,0,0,0.0,equilibrato,22.0,0.0,0.0,0.11428571428571428,26.0,0.9756109800648459,0.5789473684210527,0.0,0.1475,0.0,0.711,0.0,5.3,False,0.0,-0.0069,0.0,D,TERZINO_BLOCCATO,-0.111,-0.0735,5.024,0,0.0,0.0,5.128794600312124
D,Comert,4,5.38,10,0.04,0.06,0.18,0.03,0.7,0,0,0,0.0,equilibrato,22.0,0.0,0.0,0.11428571428571428,26.0,0.9756109800648459,0.5789473684210527,0.0,0.15,0.0,0.7,0.0,5.38,False,0.0,-0.0069,0.0,D,TERZINO_BLOCCATO,-0.0365,-0.0288,5.269,0,0.0,0.0,5.287594258606214
D,Kabasele,4,5.3,9,0.04,0.06,0.179,0.03,0.737,0,0,0,0.0,equilibrato,22.0,0.0,0.0,0.11428571428571428,26.0,0.9756109800648459,0.5789473684210527,0.0,0.1505,0.0,0.737,0.0,5.3,False,0.0,-0.0069,0.0,D,TERZINO_BLOCCATO,-0.1194,-0.0785,5.005,0,0.0,0.0,5.11409623369059
D,Bertola,4,5.21,10,0.04,0.04,0.12,0.03,0.658,0,0,0,0.0,equilibrato,22.0,0.0,0.0,0.11428571428571428,26.0,0.9756109800648459,0.5789473684210527,0.0,0.15,0.0,0.658,0.0,5.21,False,0.0,-0.0113,0.0,D,TERZINO_BLOCCATO,-0.198,-0.1301,4.72,0,0.0,0.0,4.931739321115566
D,Zanoli,4,5.24,10,0.04,0.105,0.053,0.03,0.5,1,-1,0,0.05,contropiede,22.0,0.0,0.0,0.11428571428571428,26.0,0.9756109800648459,0.5789473684210527,0.0,0.28099999999999997,-0.6799999999999999,0.5,0.0,5.24,False,0.1,0.0032,0.0,QUINTO_ATT,TERZINO_CLASSICO,0.2275,0.2397,6.062,0,0.0,0.0,6.023874494958733
D,Arizala,4,5.59,8,0.04,0.06,0.18,0.03,0.132,0,0,0,0.0,equilibrato,22.0,0.0,0.0,0.11428571428571428,26.0,0.9756109800648459,0.5789473684210527,0.0,0.15,0.0,0.132,0.0,5.59,False,0.0,-0.0069,0.0,D,TERZINO_BLOCCATO,0.1952,0.1103,6.003,0,0.0,0.0,5.7805177929364255
D,Halhal,4,5.78,10,0.04,0.06,0.18,0.03,0.7,1,1,0,0.0,equilibrato,22.0,0.0,0.0,0.11428571428571428,26.0,0.9756109800648459,0.5789473684210527,0.0,0.15,0.5,0.7,0.0,5.78,False,0.0,-0.0069,0.0,D,TERZINO_BLOCCATO,-0.0365,-0.0288,5.66,0,0.0,0.0,5.6423837319367465
D,Correia T.,4,5.78,12,0.04,0.06,0.18,0.03,0.7,1,1,0,0.0,equilibrato,22.0,0.0,0.0,0.11428571428571428,26.0,0.9756109800648459,0.5789473684210527,0.0,0.15,0.5,0.7,0.0,5.78,False,0.0,-0.0069,0.0,D,TERZINO_BLOCCATO,-0.0365,-0.0288,5.66,0,0.0,0.0,5.6423837319367465
D,Terzic,4,5.38,11,0.04,0.06,0.18,0.03,0.7,0,0,0,0.0,equilibrato,22.0,0.0,0.0,0.11428571428571428,26.0,0.9756109800648459,0.5789473684210527,0.0,0.15,0.0,0.7,0.0,5.38,False,0.0,-0.0069,0.0,D,TERZINO_BLOCCATO,-0.0365,-0.0288,5.269,0,0.0,0.0,5.287594258606214
D,Favasuli,4,4.61,11,0.04,0.06,0.18,0.03,0.7,1,-1,1,0.0,equilibrato,22.0,0.0,0.0,0.11428571428571428,26.0,0.9756109800648459,0.5789473684210527,0.0,0.15,-0.8999999999999999,0.7,0.0,4.61,False,0.0,-0.0069,0.0,D,TERZINO_BLOCCATO,-0.0365,-0.0288,4.515,0,0.0,0.0,5.00669126558706
D,Kossounou,3,5.48,7,0.04,0.06,0.062,0.03,0.421,0,0,0,0.0,equilibrato,22.0,0.0,0.0,0.08571428571428572,26.0,0.9756109800648459,0.5789473684210527,0.0,0.209,0.0,0.421,0.0,5.48,False,0.0,-0.0069,0.0,D,TERZINO_BLOCCATO,0.1208,0.0656,5.73,0,0.0,0.0,5.841065209010676
D,Casale,3,5.51,6,0.04,0.06,0.18,0.03,0.263,0,0,0,0.0,equilibrato,22.0,0.0,0.0,0.08571428571428572,26.0,0.9756109800648459,0.5789473684210527,0.0,0.15,0.0,0.263,0.0,5.51,False,0.0,-0.0069,0.0,D,TERZINO_BLOCCATO,0.1615,0.09,5.848,0,0.0,0.0,5.92838447982331
D,Rodriguez Ju.,3,5.47,10,0.04,0.06,0.188,0.03,0.421,0,0,0,0.0,equilibrato,22.0,0.0,0.0,0.08571428571428572,26.0,0.9756109800648459,0.5789473684210527,0.0,0.146,0.0,0.421,0.0,5.47,False,0.0,-0.0069,0.0,D,TERZINO_BLOCCATO,0.1208,0.0656,5.715,0,0.0,0.0,5.835095623141537
D,Idrissi R.,3,5.46,7,0.04,0.06,0.176,0.03,0.447,0,0,0,0.0,equilibrato,22.0,0.0,0.0,0.08571428571428572,26.0,0.9756109800648459,0.5789473684210527,0.0,0.152,0.0,0.447,0.0,5.46,False,0.0,-0.0069,0.0,D,TERZINO_BLOCCATO,0.1053,0.0563,5.67,0,0.0,0.0,5.80204553196484
D,Ranieri L.,3,5.2,7,0.04,0.06,0.258,0.03,0.816,0,0,0,0.0,equilibrato,22.0,0.0,0.0,0.08571428571428572,26.0,0.9756109800648459,0.5789473684210527,0.0,0.11099999999999999,0.0,0.816,0.0,5.2,False,0.0,-0.0069,0.0,D,TERZINO_BLOCCATO,-0.1461,-0.0945,4.845,0,0.0,0.0,5.233835769716713
D,Joao Mario,3,4.71,7,0.04,0.071,0.143,0.03,0.368,1,-1,1,0.05,possesso,22.0,0.0,0.0,0.08571428571428572,26.0,0.9756109800648459,0.5789473684210527,0.0,0.18499999999999994,-0.8799999999999999,0.368,0.0,4.71,False,0.0,-0.0044,0.0,D,TERZINO_BLOCCATO,0.1489,0.0849,4.982,0,0.0,0.0,5.567494834093855
D,Akpoguma,3,5.73,7,0.04,0.06,0.18,0.03,0.7,1,1,0,0.0,equilibrato,22.0,0.0,0.0,0.08571428571428572,26.0,0.9756109800648459,0.5789473684210527,0.0,0.15,0.5,0.7,0.0,5.73,False,0.0,-0.0069,0.0,D,TERZINO_BLOCCATO,-0.0365,-0.0288,5.61,0,0.0,0.0,5.862909386580193
D,Cittadini,3,5.32,8,0.04,0.06,0.18,0.03,0.7,0,0,0,0.0,equilibrato,22.0,0.0,0.0,0.08571428571428572,26.0,0.9756109800648459,0.5789473684210527,0.0,0.15,0.0,0.7,0.0,5.32,False,0.0,-0.0069,0.0,D,TERZINO_BLOCCATO,-0.0365,-0.0288,5.213,0,0.0,0.0,5.482742909366204
D,Provstgaard,3,5.41,10,0.04,0.06,0.13,0.03,0.605,0,0,0,0.0,equilibrato,22.0,0.0,0.0,0.08571428571428572,26.0,0.9756109800648459,0.5789473684210527,0.0,0.175,0.0,0.605,0.0,5.41,False,0.0,-0.0069,0.0,D,TERZINO_BLOCCATO,0.0478,0.0218,5.49,0,0.0,0.0,5.6740176600990395
D,Floriani Mussolini,3,5.2,12,0.04,0.043,0.087,0.03,0.605,0,0,0,0.0,equilibrato,22.0,0.0,0.0,0.08571428571428572,26.0,0.9756109800648459,0.5789473684210527,0.0,0.17099999999999999,0.0,0.605,0.0,5.2,False,0.0,-0.0107,0.0,D,TERZINO_BLOCCATO,-0.1643,-0.1092,4.788,0,0.0,0.0,5.189200277827617
D,De Winter,3,5.19,12,0.04,0.042,0.042,0.03,0.632,0,0,0,0.0,equilibrato,22.0,0.0,0.0,0.08571428571428572,26.0,0.9756109800648459,0.5789473684210527,0.0,0.192,0.0,0.632,0.0,5.19,False,0.0,-0.0109,0.0,D,TERZINO_BLOCCATO,-0.1756,-0.1162,4.752,0,0.0,0.0,5.164478048966187
D,Estupinan,3,5.46,9,0.04,0.071,0.357,0.03,0.368,0,0,0,0.0,equilibrato,22.0,0.0,0.0,0.08571428571428572,26.0,0.9756109800648459,0.5789473684210527,0.0,0.07799999999999996,0.0,0.368,0.0,5.46,False,0.0,-0.0044,0.0,D,TERZINO_BLOCCATO,0.1489,0.0849,5.772,0,0.0,0.0,5.889278228779972
D,Kouadio,3,4.74,9,0.04,0.06,0.18,0.03,0.026,1,-1,1,0.05,equilibrato,22.0,0.0,0.0,0.08571428571428572,26.0,0.9756109800648459,0.5789473684210527,0.0,0.15,-0.8799999999999999,0.026,0.0,4.74,False,0.0,-0.0069,0.0,D,TERZINO_BLOCCATO,0.2079,0.1179,5.122,0,0.0,0.0,5.6793751397121595
D,Carboni A.,3,4.63,9,0.04,0.06,0.18,0.03,0.7,1,-1,0,0.0,equilibrato,22.0,0.0,0.0,0.08571428571428572,26.0,0.9756109800648459,0.5789473684210527,0.0,0.15,-0.7,0.7,0.0,4.63,False,0.0,-0.0069,0.0,D,TERZINO_BLOCCATO,-0.0365,-0.0288,4.532,0,0.0,0.0,5.2012461549694775
D,Troilo,3,5.42,8,0.04,0.06,0.238,0.03,0.553,0,0,0,0.0,equilibrato,22.0,0.0,0.0,0.08571428571428572,26.0,0.9756109800648459,0.5789473684210527,0.0,0.121,0.0,0.553,0.0,5.42,False,0.0,-0.0069,0.0,D,TERZINO_BLOCCATO,0.0787,0.0404,5.567,0,0.0,0.0,5.734740703756287
D,Britschgi,3,5.42,10,0.04,0.071,0.179,0.03,0.737,0,0,0,0.0,equilibrato,22.0,0.0,0.0,0.08571428571428572,26.0,0.9756109800648459,0.5789473684210527,0.0,0.16699999999999995,0.0,0.737,0.0,5.42,False,0.0,-0.0044,0.0,D,TERZINO_BLOCCATO,0.0534,0.0276,5.525,0,0.0,0.0,5.6973346959587525
D,Candè,3,5.5,12,0.04,0.06,0.25,0.03,0.211,0,0,0,0.0,equilibrato,22.0,0.0,0.0,0.08571428571428572,26.0,0.9756109800648459,0.5789473684210527,0.0,0.11499999999999999,0.0,0.211,0.0,5.5,False,0.0,-0.0069,0.0,D,TERZINO_BLOCCATO,0.184,0.1035,5.889,0,0.0,0.0,5.966846777608222
D,Schingtienne,3,5.32,7,0.04,0.06,0.18,0.03,0.7,0,0,0,0.0,equilibrato,22.0,0.0,0.0,0.08571428571428572,26.0,0.9756109800648459,0.5789473684210527,0.0,0.15,0.0,0.7,0.0,5.32,False,0.0,-0.0069,0.0,D,TERZINO_BLOCCATO,-0.0365,-0.0288,5.213,0,0.0,0.0,5.482742909366204
D,Sverko,3,5.32,7,0.04,0.06,0.18,0.03,0.7,0,0,0,0.0,equilibrato,22.0,0.0,0.0,0.08571428571428572,26.0,0.9756109800648459,0.5789473684210527,0.0,0.15,0.0,0.7,0.0,5.32,False,0.0,-0.0069,0.0,D,TERZINO_BLOCCATO,-0.0365,-0.0288,5.213,0,0.0,0.0,5.482742909366204
D,Hainaut,3,5.32,7,0.04,0.06,0.18,0.03,0.7,0,0,0,0.0,equilibrato,22.0,0.0,0.0,0.08571428571428572,26.0,0.9756109800648459,0.5789473684210527,0.0,0.15,0.0,0.7,0.0,5.32,False,0.0,-0.0069,0.0,D,TERZINO_BLOCCATO,-0.0365,-0.0288,5.213,0,0.0,0.0,5.482742909366204
D,Helland,2,5.39,5,0.04,0.06,0.333,0.03,0.158,0,0,0,0.0,equilibrato,22.0,0.0,0.0,0.05714285714285714,26.0,0.9756109800648459,0.5789473684210527,0.0,0.07349999999999998,0.0,0.158,0.0,5.39,False,0.0,-0.0069,0.0,D,TERZINO_BLOCCATO,0.1882,0.1061,5.775,0,0.0,0.0,6.390166389760371
D,Alhassane,2,5.17,6,0.04,0.06,0.18,0.03,0.7,1,0,0,0.0,equilibrato,22.0,0.0,0.0,0.05714285714285714,26.0,0.9756109800648459,0.5789473684210527,0.0,0.15,-0.1,0.7,0.0,5.17,False,0.0,-0.0069,0.0,D,TERZINO_BLOCCATO,-0.0365,-0.0288,5.069,0,0.0,0.0,5.8389854348632095
D,Van Der Brempt,2,5.42,5,0.04,0.071,0.143,0.03,0.368,0,0,0,0.0,equilibrato,22.0,0.0,0.0,0.05714285714285714,26.0,0.9756109800648459,0.5789473684210527,0.0,0.18499999999999994,0.0,0.368,0.0,5.42,False,0.0,-0.0044,0.0,D,TERZINO_BLOCCATO,0.1489,0.0849,5.737,0,0.0,0.0,6.338316627677604
D,Otoa,2,5.44,5,0.04,0.06,0.1,0.03,0.263,0,0,0,0.0,equilibrato,22.0,0.0,0.0,0.05714285714285714,26.0,0.9756109800648459,0.5789473684210527,0.0,0.19,0.0,0.263,0.0,5.44,False,0.0,-0.0069,0.0,D,TERZINO_BLOCCATO,0.1615,0.09,5.769,0,0.0,0.0,6.3615027986299
D,Puczka,2,5.17,7,0.04,0.06,0.18,0.03,0.7,1,0,0,0.0,equilibrato,22.0,0.0,0.0,0.05714285714285714,26.0,0.9756109800648459,0.5789473684210527,0.0,0.15,-0.1,0.7,0.0,5.17,False,0.0,-0.0069,0.0,D,TERZINO_BLOCCATO,-0.0365,-0.0288,5.069,0,0.0,0.0,5.8389854348632095
D,Sabelli,2,5.4,5,0.04,0.06,0.18,0.03,0.342,0,0,0,0.0,equilibrato,22.0,0.0,0.0,0.05714285714285714,26.0,0.9756109800648459,0.5789473684210527,0.0,0.15,0.0,0.342,0.0,5.4,False,0.0,-0.0069,0.0,D,TERZINO_BLOCCATO,0.1348,0.074,5.671,0,0.0,0.0,6.288692151085385
D,Lazzari,2,5.73,8,0.04,0.06,0.118,0.03,0.447,0,0,0,0.0,equilibrato,22.0,0.0,0.0,0.05714285714285714,26.0,0.9756109800648459,0.5789473684210527,0.0,0.181,0.0,0.447,0.0,5.73,False,0.22,-0.0069,0.0,QUINTO_ATT,TERZINO_BLOCCATO,0.1053,0.2763,6.75,0,0.0,0.0,7.148195700236942
D,Pellegrini Lu.,2,5.26,5,0.04,0.06,0.333,0.03,0.632,0,0,0,0.0,equilibrato,22.0,0.0,0.0,0.05714285714285714,26.0,0.9756109800648459,0.5789473684210527,0.0,0.07349999999999998,0.0,0.632,0.0,5.26,False,0.0,-0.0069,0.0,D,TERZINO_BLOCCATO,0.0435,0.0192,5.335,0,0.0,0.0,6.040392864112205
D,Jean,2,5.14,4,0.04,0.06,0.2,0.03,0.132,1,0,1,0.0,equilibrato,22.0,0.0,0.0,0.05714285714285714,26.0,0.9756109800648459,0.5789473684210527,0.0,0.13999999999999999,-0.30000000000000004,0.132,0.0,5.14,False,0.0,-0.0069,0.0,D,TERZINO_BLOCCATO,0.1952,0.1103,5.526,0,0.0,0.0,6.276176659614292
D,Diawara S.,2,4.98,4,0.04,0.107,0.107,0.03,0.737,1,-1,0,0.0,equilibrato,22.0,0.0,0.0,0.05714285714285714,26.0,0.9756109800648459,0.5789473684210527,0.0,0.257,-0.7,0.737,0.0,4.98,False,0.1,0.0036,0.0,QUINTO_ATT,TERZINO_CLASSICO,0.191,0.2182,5.69,0,0.0,0.0,6.536350893866877
D,Marin R.,2,5.37,6,0.04,0.06,0.176,0.03,0.447,0,0,0,0.0,equilibrato,22.0,0.0,0.0,0.05714285714285714,26.0,0.9756109800648459,0.5789473684210527,0.0,0.152,0.0,0.447,0.0,5.37,False,0.0,-0.0069,0.0,D,TERZINO_BLOCCATO,0.1053,0.0563,5.581,0,0.0,0.0,6.217176702971219
D,Biraghi,2,5.4,5,0.04,0.06,0.18,0.03,0.289,0,0,0,0.0,equilibrato,22.0,0.0,0.0,0.05714285714285714,26.0,0.9756109800648459,0.5789473684210527,0.0,0.15,0.0,0.289,0.0,5.4,False,0.0,-0.0069,0.0,D,TERZINO_BLOCCATO,0.1419,0.0783,5.693,0,0.0,0.0,6.306577951545788
D,Palma,2,5.44,5,0.04,0.06,0.18,0.03,0.105,0,0,0,0.0,equilibrato,22.0,0.0,0.0,0.05714285714285714,26.0,0.9756109800648459,0.5789473684210527,0.0,0.15,0.0,0.105,0.0,5.44,False,0.0,-0.0069,0.0,D,TERZINO_BLOCCATO,0.1994,0.1128,5.855,0,0.0,0.0,6.440127859611263
D,Ebosse,2,5.13,4,0.04,0.062,0.25,0.03,0.421,1,0,1,0.05,contropiede,22.0,0.0,0.0,0.05714285714285714,26.0,0.9756109800648459,0.5789473684210527,0.0,0.118,-0.28,0.421,0.0,5.13,False,0.0,-0.0064,0.0,D,TERZINO_BLOCCATO,0.1292,0.0711,5.376,0,0.0,0.0,6.140416385679947
D,Franjic,2,5.71,4,0.04,0.06,0.18,0.03,0.7,1,1,0,0.0,equilibrato,22.0,0.0,0.0,0.05714285714285714,26.0,0.9756109800648459,0.5789473684210527,0.0,0.15,0.5,0.7,0.0,5.71,False,0.0,-0.0069,0.0,D,TERZINO_BLOCCATO,-0.0365,-0.0288,5.591,0,0.0,0.0,6.320335290732251
D,Sagrado,2,5.24,4,0.04,0.06,0.18,0.03,0.7,0,0,0,0.0,equilibrato,22.0,0.0,0.0,0.05714285714285714,26.0,0.9756109800648459,0.5789473684210527,0.0,0.15,0.0,0.7,0.0,5.24,False,0.0,-0.0069,0.0,D,TERZINO_BLOCCATO,-0.0365,-0.0288,5.13,0,0.0,0.0,5.869026105883203
D,Aurelio,2,5.17,5,0.04,0.06,0.18,0.03,0.7,1,0,0,0.0,equilibrato,22.0,0.0,0.0,0.05714285714285714,26.0,0.9756109800648459,0.5789473684210527,0.0,0.15,-0.1,0.7,0.0,5.17,False,0.0,-0.0069,0.0,D,TERZINO_BLOCCATO,-0.0365,-0.0288,5.069,0,0.0,0.0,5.8389854348632095
D,De Silvestri,1,5.33,4,0.04,0.06,0.2,0.03,0.263,0,0,0,0.0,equilibrato,22.0,0.0,0.0,0.02857142857142857,26.0,0.9756109800648459,0.5789473684210527,0.0,0.13999999999999999,0.0,0.263,0.0,5.33,False,0.0,-0.0069,0.0,D,TERZINO_BLOCCATO,0.1615,0.09,5.66,0,0.0,0.0,7.669088538985965
D,Goldaniga,1,5.15,1,0.04,0.06,0.18,0.03,0.7,0,0,0,0.0,equilibrato,22.0,0.0,0.0,0.02857142857142857,26.0,0.9756109800648459,0.5789473684210527,0.0,0.15,0.0,0.7,0.0,5.15,False,0.0,-0.0069,0.0,D,TERZINO_BLOCCATO,-0.0365,-0.0288,5.048,0,0.0,0.0,7.061482248640497
D,Amey,1,4.51,1,0.04,0.06,0.18,0.03,0.7,1,-1,1,0.05,pressing,22.0,0.0,0.0,0.02857142857142857,26.0,0.9756109800648459,0.5789473684210527,0.0,0.15,-0.8799999999999999,0.7,0.0,4.51,False,0.0,-0.0069,0.0,D,TERZINO_BLOCCATO,-0.0365,-0.0288,4.415,0,0.0,0.0,6.595138280643856
D,Oyono J.,1,5.48,3,0.04,0.097,0.194,0.03,0.816,0,0,0,0.0,equilibrato,22.0,0.0,0.0,0.02857142857142857,26.0,0.9756109800648459,0.5789473684210527,0.0,0.19849999999999998,0.0,0.816,0.0,5.48,False,0.1,0.0014,0.0,QUINTO_ATT,TERZINO_BLOCCATO,0.1138,0.1697,6.095,0,0.0,0.0,8.10507085235332
D,Corrado,1,5.15,3,0.04,0.06,0.18,0.03,0.7,0,0,0,0.0,equilibrato,22.0,0.0,0.0,0.02857142857142857,26.0,0.9756109800648459,0.5789473684210527,0.0,0.15,0.0,0.7,0.0,5.15,False,0.0,-0.0069,0.0,D,TERZINO_BLOCCATO,-0.0365,-0.0288,5.048,0,0.0,0.0,7.061482248640497
D,Matturro,1,5.15,2,0.04,0.06,0.18,0.03,0.7,0,0,0,0.0,equilibrato,22.0,0.0,0.0,0.02857142857142857,26.0,0.9756109800648459,0.5789473684210527,0.0,0.15,0.0,0.7,0.0,5.15,False,0.0,-0.0069,0.0,D,TERZINO_BLOCCATO,-0.0365,-0.0288,5.048,0,0.0,0.0,7.061482248640497
D,Rugani,1,5.68,3,0.04,0.06,0.25,0.03,0.211,1,1,1,0.1,equilibrato,22.0,0.0,0.0,0.02857142857142857,26.0,0.9756109800648459,0.5789473684210527,0.0,0.11499999999999999,0.34,0.211,0.0,5.68,False,0.0,-0.0069,0.0,D,TERZINO_BLOCCATO,0.184,0.1035,6.075,0,0.0,0.0,8.238567747728018
D,Cabal,1,5.36,4,0.04,0.06,0.111,0.03,0.237,0,0,0,0.0,equilibrato,22.0,0.0,0.0,0.02857142857142857,26.0,0.9756109800648459,0.5789473684210527,0.0,0.1845,0.0,0.237,0.0,5.36,False,0.0,-0.0069,0.0,D,TERZINO_BLOCCATO,0.1742,0.0977,5.719,0,0.0,0.0,7.724033210134728
D,Patric,1,5.33,4,0.04,0.06,0.2,0.03,0.263,0,0,0,0.0,equilibrato,22.0,0.0,0.0,0.02857142857142857,26.0,0.9756109800648459,0.5789473684210527,0.0,0.13999999999999999,0.0,0.263,0.0,5.33,False,0.0,-0.0069,0.0,D,TERZINO_BLOCCATO,0.1615,0.09,5.66,0,0.0,0.0,7.669088538985965
D,Ndaba,1,5.35,4,0.04,0.06,0.18,0.03,0.237,0,0,0,0.0,equilibrato,22.0,0.0,0.0,0.02857142857142857,26.0,0.9756109800648459,0.5789473684210527,0.0,0.15,0.0,0.237,0.0,5.35,False,0.0,-0.0069,0.0,D,TERZINO_BLOCCATO,0.1742,0.0977,5.709,0,0.0,0.0,7.716291937821329
D,Antov,1,5.15,2,0.04,0.06,0.18,0.03,0.7,0,0,0,0.0,equilibrato,22.0,0.0,0.0,0.02857142857142857,26.0,0.9756109800648459,0.5789473684210527,0.0,0.15,0.0,0.7,0.0,5.15,False,0.0,-0.0069,0.0,D,TERZINO_BLOCCATO,-0.0365,-0.0288,5.048,0,0.0,0.0,7.061482248640497
D,Bakoune,1,5.15,4,0.04,0.06,0.18,0.03,0.7,0,0,0,0.0,equilibrato,22.0,0.0,0.0,0.02857142857142857,26.0,0.9756109800648459,0.5789473684210527,0.0,0.15,0.0,0.7,0.0,5.15,False,0.0,-0.0069,0.0,D,TERZINO_BLOCCATO,-0.0365,-0.0288,5.048,0,0.0,0.0,7.061482248640497
D,Marianucci,1,5.89,3,0.04,0.091,0.182,0.03,0.289,1,1,1,0.05,possesso,22.0,0.0,0.0,0.02857142857142857,26.0,0.9756109800648459,0.5789473684210527,0.0,0.19549999999999998,0.32,0.289,0.0,5.89,False,0.1,0.0001,0.0,QUINTO_ATT,TERZINO_BLOCCATO,0.2219,0.2332,6.794,0,0.0,0.0,8.9753083
D,Mazzocchi,1,5.62,3,0.04,0.111,0.18,0.03,0.237,0,0,0,0.0,equilibrato,22.0,0.0,0.0,0.02857142857142857,26.0,0.9756109800648459,0.5789473684210527,0.0,0.2265,0.0,0.237,0.0,5.62,False,0.1,0.0045,0.0,QUINTO_ATT,TERZINO_CLASSICO,0.2388,0.2478,6.529,0,0.0,0.0,8.544545847411657
D,Ndiaye,1,5.3,4,0.04,0.06,0.273,0.03,0.289,0,0,0,0.0,equilibrato,22.0,0.0,0.0,0.02857142857142857,26.0,0.9756109800648459,0.5789473684210527,0.0,0.10349999999999998,0.0,0.289,0.0,5.3,False,0.0,-0.0069,0.0,D,TERZINO_BLOCCATO,0.1419,0.0783,5.588,0,0.0,0.0,7.600609511989538
D,Carboni F.,1,4.78,3,0.04,0.06,0.18,0.03,0.053,1,-1,0,0.0,equilibrato,22.0,0.0,0.0,0.02857142857142857,26.0,0.9756109800648459,0.5789473684210527,0.0,0.15,-0.7,0.053,0.0,4.78,False,0.0,-0.0069,0.0,D,TERZINO_BLOCCATO,0.2079,0.1179,5.161,0,0.0,0.0,7.3493965469027085
D,Ziolkowski,1,5.31,2,0.04,0.06,0.333,0.03,0.237,0,0,0,0.0,equilibrato,22.0,0.0,0.0,0.02857142857142857,26.0,0.9756109800648459,0.5789473684210527,0.0,0.07349999999999998,0.0,0.237,0.0,5.31,False,0.0,-0.0069,0.0,D,TERZINO_BLOCCATO,0.1742,0.0977,5.662,0,0.0,0.0,7.682230339642385
D,Missori,1,5.15,2,0.04,0.06,0.18,0.03,0.7,0,0,0,0.0,equilibrato,22.0,0.0,0.0,0.02857142857142857,26.0,0.9756109800648459,0.5789473684210527,0.0,0.15,0.0,0.7,0.0,5.15,False,0.0,-0.0069,0.0,D,TERZINO_BLOCCATO,-0.0365,-0.0288,5.048,0,0.0,0.0,7.061482248640497
D,Pieragnolo,1,5.15,1,0.04,0.06,0.18,0.03,0.7,0,0,0,0.0,equilibrato,22.0,0.0,0.0,0.02857142857142857,26.0,0.9756109800648459,0.5789473684210527,0.0,0.15,0.0,0.7,0.0,5.15,False,0.0,-0.0069,0.0,D,TERZINO_BLOCCATO,-0.0365,-0.0288,5.048,0,0.0,0.0,7.061482248640497
D,Mlacic,1,5.32,3,0.04,0.06,0.667,0.03,0.079,0,0,0,0.0,equilibrato,22.0,0.0,0.0,0.02857142857142857,26.0,0.9756109800648459,0.5789473684210527,0.0,-0.09350000000000003,0.0,0.079,0.0,5.32,False,0.0,-0.0069,0.0,D,TERZINO_BLOCCATO,0.2079,0.1179,5.746,0,0.0,0.0,7.773397294071111
D,Abankwah,1,5.15,3,0.04,0.06,0.18,0.03,0.7,0,0,0,0.0,equilibrato,22.0,0.0,0.0,0.02857142857142857,26.0,0.9756109800648459,0.5789473684210527,0.0,0.15,0.0,0.7,0.0,5.15,False,0.0,-0.0069,0.0,D,TERZINO_BLOCCATO,-0.0365,-0.0288,5.048,0,0.0,0.0,7.061482248640497
D,Gomes,1,5.63,1,0.04,0.06,0.18,0.03,0.7,1,1,0,0.0,equilibrato,22.0,0.0,0.0,0.02857142857142857,26.0,0.9756109800648459,0.5789473684210527,0.0,0.15,0.5,0.7,0.0,5.63,False,0.0,-0.0069,0.0,D,TERZINO_BLOCCATO,-0.0365,-0.0288,5.519,0,0.0,0.0,7.6402861710897305
D,Odenthal,1,5.15,1,0.04,0.06,0.18,0.03,0.7,0,0,0,0.0,equilibrato,22.0,0.0,0.0,0.02857142857142857,26.0,0.9756109800648459,0.5789473684210527,0.0,0.15,0.0,0.7,0.0,5.15,False,0.0,-0.0069,0.0,D,TERZINO_BLOCCATO,-0.0365,-0.0288,5.048,0,0.0,0.0,7.061482248640497
D,Omar Fayed,1,5.63,1,0.04,0.06,0.18,0.03,0.7,1,1,0,0.0,equilibrato,22.0,0.0,0.0,0.02857142857142857,26.0,0.9756109800648459,0.5789473684210527,0.0,0.15,0.5,0.7,0.0,5.63,False,0.0,-0.0069,0.0,D,TERZINO_BLOCCATO,-0.0365,-0.0288,5.519,0,0.0,0.0,7.6402861710897305
C,Paz N.,30,7.52,250,0.12,0.143,0.143,0.1,0.921,0,0,0,0.0,equilibrato,22.0,0.0,0.0,0.8571428571428571,26.0,0.9756109800648459,0.5789473684210527,0.0,0.603,0.0,0.921,0.0,7.52,False,0.14,0.0069,0.0,MEZZALA_ATT,MEZZALA_ATT,-0.0962,0.0892,7.975,0,0.0,0.0,5.7349487550000005
C,McTominay,28,7.2,240,0.12,0.061,0.03,0.1,0.9,0,0,0,0.0,equilibrato,22.0,0.0,0.0,0.8,26.0,0.9756109800648459,0.5789473684210527,0.0,0.5365,0.0,0.868,0.0,7.2,False,0.14,-0.0045,0.0,MEZZALA_ATT,MEZZALA_ATT,-0.1923,0.0201,7.418,1,0.0,0.0,5.456625645981004
C,Calhanoglu,27,8.16,230,0.12,0.182,0.318,0.1,0.579,0,0,0,0.0,equilibrato,22.0,0.0,0.0,0.7714285714285715,31.0,0.6736384553447268,0.5789473684210527,0.0,0.574,0.0,0.579,0.0,8.16,False,0.14,0.0124,0.0,MEZZALA_ATT,MEZZALA_ATT,0.1387,0.2356,8.884,0,0.38,0.08,6.389569885091119
C,Orsolini,26,7.38,200,0.12,0.029,0.059,0.1,0.895,0,0,0,0.0,equilibrato,22.0,0.0,0.0,0.7428571428571429,26.0,0.9756109800648459,0.5789473684210527,0.0,0.474,0.0,0.895,0.0,7.38,False,0.2,-0.009,0.0,ALA,MEZZALA_ATT,-0.2294,0.0534,7.651,0,0.0,0.0,5.619111819467739
C,Pulisic,25,7.73,180,0.12,0.148,0.15,0.1,0.711,0,0,0,0.0,equilibrato,22.0,0.0,0.0,0.7142857142857143,26.0,0.9756109800648459,0.5789473684210527,0.0,0.607,0.0,0.711,0.0,7.73,False,0.28,0.0076,0.0,ALA,MEZZALA_ATT,-0.0302,0.2695,9.083,0,0.0,0.0,6.384758036127381
C,Rabiot,22,7.34,128,0.12,0.138,0.138,0.1,0.763,0,0,0,0.0,equilibrato,22.0,0.0,0.0,0.6285714285714286,26.0,0.9756109800648459,0.5789473684210527,0.0,0.5979999999999999,0.0,0.763,0.0,7.34,False,0.14,0.0062,0.0,MEZZALA_ATT,MEZZALA_ATT,-0.0632,0.1083,7.882,0,0.0,0.0,5.80928350228468
C,Baturina,19,7.23,102,0.12,0.12,0.15,0.1,0.658,0,0,0,0.0,equilibrato,22.0,0.0,0.0,0.5428571428571428,26.0,0.9756109800648459,0.5789473684210527,0.0,0.5650000000000001,0.0,0.658,0.0,7.23,False,0.14,0.0037,0.0,MEZZALA_ATT,MEZZALA_ATT,-0.0577,0.1091,7.768,0,0.0,0.0,5.812376928052331
C,Mora,19,7.6,101,0.12,0.15,0.15,0.1,0.85,1,-1,0,0.0,equilibrato,22.0,0.0,0.0,0.5428571428571428,26.0,0.9756109800648459,0.5789473684210527,0.0,0.61,-0.7,0.7,0.0,7.6,False,0.14,0.0079,0.0,MEZZALA_ATT,MEZZALA_ATT,0.0316,0.1669,7.598,1,0.0,0.0,6.094581349827148
C,Da Cunha,18,6.98,90,0.12,0.114,0.114,0.1,0.921,0,0,0,0.0,equilibrato,22.0,0.0,0.0,0.5142857142857142,26.0,0.9756109800648459,0.5789473684210527,0.0,0.574,0.0,0.921,0.0,6.98,False,0.14,0.0029,0.0,MEZZALA_ATT,MEZZALA_ATT,-0.1236,0.0687,7.31,0,0.0,0.0,5.631668559198371
C,Zaniolo,18,6.87,100,0.12,0.161,0.258,0.1,0.816,1,0,0,0.0,equilibrato,22.0,0.0,0.0,0.5142857142857142,26.0,0.9756109800648459,0.5789473684210527,0.0,0.5724999999999999,-0.1,0.816,0.0,6.87,False,0.14,0.0094,0.0,MEZZALA_ATT,MEZZALA_ATT,-0.0371,0.1272,7.46,0,0.0,0.0,5.774453734548648
C,Atta,17,6.7,87,0.12,0.094,0.094,0.1,0.842,1,0,0,0.15,possesso,22.0,0.0,0.0,0.4857142857142857,26.0,0.9756109800648459,0.5789473684210527,0.0,0.5539999999999999,-0.04000000000000001,0.842,0.0,6.7,False,0.14,0.0001,0.0,MEZZALA_ATT,MEZZALA_ATT,-0.1415,0.0552,6.954,0,0.0,0.0,5.524852774574263
C,Barella,17,7.23,80,0.12,0.265,0.206,0.1,0.895,0,0,0,0.0,equilibrato,22.0,0.0,0.0,0.4857142857142857,27.0,1.0,0.5789473684210527,0.0,0.7545000000000001,0.0,0.895,0.0,7.23,False,0.14,0.024,0.0,MEZZALA_ATT,MEZZALA_ATT,0.1429,0.2497,8.402,0,0.0,0.0,6.261512847755955
C,McKennie,17,6.93,68,0.12,0.176,0.147,0.1,0.895,0,0,0,0.0,equilibrato,22.0,0.0,0.0,0.4857142857142857,26.0,0.9756109800648459,0.5789473684210527,0.0,0.6505,0.0,0.895,0.0,6.93,False,0.14,0.0115,0.0,MEZZALA_ATT,MEZZALA_ATT,-0.044,0.1251,7.519,0,0.0,0.0,5.799195645488769
C,Zaccagni,16,7.27,91,0.12,0.15,0.231,0.1,0.684,0,0,0,0.0,equilibrato,22.0,0.0,0.0,0.45714285714285713,28.0,0.9756109800648459,0.5789473684210527,0.0,0.5694999999999999,0.0,0.684,0.0,7.27,False,0.32,0.0079,0.0,ALA_TREQUARTISTA,MEZZALA_ATT,0.0865,0.3798,9.01,0,0.0,0.0,6.687133765087406
C,De Bruyne,15,6.86,98,0.12,0.118,0.059,0.1,0.447,0,0,0,0.0,equilibrato,22.0,0.0,0.0,0.42857142857142855,26.0,0.9756109800648459,0.5789473684210527,0.0,0.6074999999999999,0.0,0.447,0.0,6.86,False,0.14,0.0034,0.0,MEZZALA_ATT,MEZZALA_ATT,0.1003,0.2036,7.783,0,0.0,0.0,6.041449354805042
C,Vlasic,14,6.4,80,0.12,0.081,0.189,0.1,0.974,0,0,0,0.0,equilibrato,22.0,0.0,0.0,0.4,26.0,0.9756109800648459,0.5789473684210527,0.0,0.487,0.0,0.974,0.0,6.4,False,0.14,-0.0017,0.0,MEZZALA_ATT,MEZZALA_ATT,-0.1896,0.0245,6.509,0,0.0,0.0,5.393076224398157
C,Gudmundsson A.,13,6.44,61,0.12,0.094,0.125,0.1,0.842,0,0,0,0.0,equilibrato,22.0,0.0,0.0,0.37142857142857144,26.0,0.9756109800648459,0.5789473684210527,0.0,0.5385,0.0,0.842,0.0,6.44,False,0.14,0.0001,0.0,MEZZALA_ATT,MEZZALA_ATT,-0.1415,0.0552,6.68,0,0.0,0.0,5.510272737386153
C,Taylor K.,13,6.64,64,0.12,0.118,0.294,0.1,0.447,0,0,0,0.0,equilibrato,22.0,0.0,0.0,0.37142857142857144,26.0,0.9756109800648459,0.5789473684210527,0.0,0.4899999999999999,0.0,0.447,0.0,6.64,False,0.14,0.0034,0.0,MEZZALA_ATT,MEZZALA_ATT,0.1003,0.2036,7.537,0,0.0,0.0,6.011411528054239
C,Ederson D.S.,12,6.19,45,0.12,0.033,0.1,0.1,0.789,0,0,0,0.0,equilibrato,22.0,0.0,0.0,0.34285714285714286,26.0,0.9756109800648459,0.5789473684210527,0.0,0.45949999999999996,0.0,0.789,0.0,6.19,False,0.14,-0.0084,0.0,MEZZALA_ATT,MEZZALA_ATT,-0.2184,0.0005,6.196,0,0.0,0.0,5.300243318447908
C,Samardzic,12,6.65,42,0.12,0.095,0.048,0.1,0.553,0,0,0,0.0,equilibrato,22.0,0.0,0.0,0.34285714285714286,26.0,0.9756109800648459,0.5789473684210527,0.0,0.5784999999999999,0.0,0.553,0.0,6.65,False,0.25,0.0002,0.0,MEZZALA_ATT,MEZZALA_ATT,-0.0755,0.2049,7.551,0,0.0,0.0,6.038875740233723
C,Rodriguez Je.,12,6.87,32,0.12,0.286,0.107,0.1,0.737,0,0,0,0.0,equilibrato,22.0,0.0,0.0,0.34285714285714286,26.0,0.9756109800648459,0.5789473684210527,0.0,0.8354999999999999,0.0,0.737,0.0,6.87,False,0.14,0.0269,0.0,MEZZALA_ATT,MEZZALA_ATT,0.1758,0.2724,8.076,0,0.0,0.0,6.309380803495486
C,Alajbegovic,12,5.9,56,0.12,0.15,0.15,0.1,0.7,1,-1,0,0.0,equilibrato,22.0,0.0,0.0,0.34285714285714286,26.0,0.9756109800648459,0.5789473684210527,0.0,0.61,-0.7,0.7,0.0,5.9,False,0.14,0.0079,0.0,MEZZALA_ATT,MEZZALA_ATT,0.0316,0.1669,6.559,0,0.0,0.0,5.695766125238296
C,Conceicao,12,7.25,60,0.12,0.167,0.1,0.1,0.72,0,0,0,0.0,equilibrato,22.0,0.0,0.0,0.34285714285714286,26.0,0.9756109800648459,0.5789473684210527,0.0,0.6605,0.0,0.789,0.0,7.25,False,0.14,0.0103,0.0,MEZZALA_ATT,MEZZALA_ATT,-0.0247,0.1355,7.15,1,0.0,0.0,6.011952337852807
C,Modric,12,6.33,50,0.12,0.091,0.121,0.1,0.868,0,0,0,0.0,equilibrato,22.0,0.0,0.0,0.34285714285714286,26.0,0.9756109800648459,0.5789473684210527,0.0,0.536,0.0,0.868,0.0,6.33,False,0.14,-0.0003,0.0,MEZZALA_ATT,MEZZALA_ATT,-0.1593,0.0441,6.527,0,0.0,0.0,5.4675295980067595
C,Mastantuono,12,6.33,58,0.12,0.15,0.15,0.1,0.7,1,0,1,0.0,equilibrato,22.0,0.0,0.0,0.34285714285714286,26.0,0.9756109800648459,0.5789473684210527,0.0,0.61,-0.30000000000000004,0.7,0.0,6.33,False,0.14,0.0079,0.0,MEZZALA_ATT,MEZZALA_ATT,0.0316,0.1669,7.034,0,0.0,0.0,5.826836877285655
C,Moreira,12,5.9,52,0.12,0.15,0.15,0.1,0.7,1,-1,0,0.0,equilibrato,22.0,0.0,0.0,0.34285714285714286,26.0,0.9756109800648459,0.5789473684210527,0.0,0.61,-0.7,0.7,0.0,5.9,False,0.14,0.0079,0.0,MEZZALA_ATT,MEZZALA_ATT,0.0316,0.1669,6.559,0,0.0,0.0,5.695766125238296
C,Rowe,11,6.32,37,0.12,0.107,0.071,0.1,0.737,0,0,0,0.0,equilibrato,22.0,0.0,0.0,0.3142857142857143,26.0,0.9756109800648459,0.5789473684210527,0.0,0.585,0.0,0.737,0.0,6.32,False,0.14,0.0019,0.0,MEZZALA_ATT,MEZZALA_ATT,-0.103,0.0801,6.664,0,0.0,0.0,5.590642997533663
C,Baldanzi,11,6.85,30,0.12,0.118,0.118,0.1,0.447,0,0,0,0.0,equilibrato,22.0,0.0,0.0,0.3142857142857143,23.0,0.6736384553447268,0.5789473684210527,0.0,0.5779999999999998,0.0,0.447,0.0,6.85,False,0.3,0.0034,0.0,TREQUARTISTA,MEZZALA_ATT,0.1003,0.3636,8.423,0,0.0,0.0,6.606753655134235
C,Zambo Anguissa,11,6.29,54,0.12,0.056,0.056,0.1,0.474,0,0,0,0.0,equilibrato,22.0,0.0,0.0,0.3142857142857143,26.0,0.9756109800648459,0.5789473684210527,0.0,0.516,0.0,0.474,0.0,6.29,False,0.14,-0.0052,0.0,MEZZALA_ATT,MEZZALA_ATT,-0.1168,0.0647,6.57,0,0.0,0.0,5.537368054983012
C,Perrone,10,6.17,38,0.12,0.111,0.222,0.1,0.947,0,0,0,0.0,equilibrato,22.0,0.0,0.0,0.2857142857142857,26.0,0.9756109800648459,0.5789473684210527,0.0,0.5155,0.0,0.947,0.0,6.17,False,0.14,0.0025,0.0,MEZZALA_ATT,MEZZALA_ATT,-0.1374,0.06,6.429,0,0.0,0.0,5.514305158105738
C,Zielinski,10,6.16,41,0.12,0.067,0.1,0.1,0.789,0,0,0,0.0,equilibrato,22.0,0.0,0.0,0.2857142857142857,26.0,0.9756109800648459,0.5789473684210527,0.0,0.5105,0.0,0.789,0.0,6.16,False,0.14,-0.0037,0.0,MEZZALA_ATT,MEZZALA_ATT,-0.1758,0.0308,6.294,0,0.0,0.0,5.425077180980379
C,Thuram K.,10,6.13,41,0.12,0.059,0.059,0.1,0.895,0,0,0,0.0,equilibrato,22.0,0.0,0.0,0.2857142857142857,26.0,0.9756109800648459,0.5789473684210527,0.0,0.519,0.0,0.895,0.0,6.13,False,0.14,-0.0048,0.0,MEZZALA_ATT,MEZZALA_ATT,-0.1978,0.0165,6.201,0,0.0,0.0,5.37386557881929
C,Saelemaekers,10,6.14,43,0.12,0.086,0.143,0.1,0.921,0,0,0,0.0,equilibrato,22.0,0.0,0.0,0.2857142857142857,26.0,0.9756109800648459,0.5789473684210527,0.0,0.5175,0.0,0.921,0.0,6.14,False,0.14,-0.001,0.0,MEZZALA_ATT,MEZZALA_ATT,-0.1731,0.0351,6.288,0,0.0,0.0,5.430974925934621
C,Politano,10,6.49,47,0.12,0.152,0.121,0.1,0.868,0,0,0,0.0,equilibrato,22.0,0.0,0.0,0.2857142857142857,30.0,0.8007374029168081,0.5789473684210527,0.0,0.6275,0.0,0.868,0.0,6.49,False,0.22,0.0082,0.0,ALA,MEZZALA_ATT,-0.0797,0.1804,7.265,0,0.0,0.0,5.966715458728631
C,Konè M.,10,6.26,42,0.12,0.103,0.069,0.1,0.763,0,0,0,0.0,equilibrato,22.0,0.0,0.0,0.2857142857142857,26.0,0.9756109800648459,0.5789473684210527,0.0,0.58,0.0,0.763,0.0,6.26,False,0.14,0.0013,0.0,MEZZALA_ATT,MEZZALA_ATT,-0.1126,0.0738,6.578,0,0.0,0.0,5.5810653533017565
C,Thorstvedt,10,6.16,41,0.12,0.097,0.29,0.1,0.816,0,0,0,0.0,equilibrato,22.0,0.0,0.0,0.2857142857142857,26.0,0.9756109800648459,0.5789473684210527,0.0,0.4605,0.0,0.816,0.0,6.16,False,0.14,0.0005,0.0,MEZZALA_ATT,MEZZALA_ATT,-0.1291,0.0631,6.427,0,0.0,0.0,5.519255181356116
C,Casadei,10,6.5,37,0.12,0.15,0.156,0.1,0.842,0,0,0,0.0,equilibrato,22.0,0.0,0.0,0.2857142857142857,23.0,0.6736384553447268,0.5789473684210527,0.0,0.607,0.0,0.842,0.0,6.5,False,0.25,0.0079,0.0,MEZZALA_ATT,MEZZALA_ATT,-0.0701,0.2159,7.424,0,0.0,0.0,6.076867896146288
C,Ekkelenkamp,10,6.25,41,0.12,0.097,0.032,0.1,0.816,0,0,0,0.0,equilibrato,22.0,0.0,0.0,0.2857142857142857,26.0,0.9756109800648459,0.5789473684210527,0.0,0.5895,0.0,0.816,0.0,6.25,False,0.14,0.0005,0.0,MEZZALA_ATT,MEZZALA_ATT,-0.1291,0.0631,6.518,0,0.0,0.0,5.545053889425047
C,Pellegrini Lo.,10,6.65,28,0.12,0.083,0.083,0.1,0.632,1,1,0,0.15,possesso,22.0,0.0,0.0,0.2857142857142857,26.0,0.9756109800648459,0.5789473684210527,0.0,0.543,0.5599999999999999,0.632,0.0,6.65,False,0.14,-0.0014,0.0,MEZZALA_ATT,MEZZALA_ATT,-0.1085,0.0735,6.987,0,0.0,0.0,5.823368850165095
C,Pasalic,9,6.16,32,0.12,0.097,0.097,0.1,0.816,0,0,0,0.0,equilibrato,22.0,0.0,0.0,0.2571428571428571,26.0,0.9756109800648459,0.5789473684210527,0.0,0.557,0.0,0.816,0.0,6.16,False,0.14,0.0005,0.0,MEZZALA_ATT,MEZZALA_ATT,-0.1291,0.0631,6.428,0,0.0,0.0,5.549255481405399
C,Bernardeschi,9,6.58,21,0.12,0.083,0.125,0.1,0.632,1,1,0,0.0,equilibrato,22.0,0.0,0.0,0.2571428571428571,26.0,0.9756109800648459,0.5789473684210527,0.0,0.522,0.5,0.632,0.0,6.58,False,0.14,-0.0014,0.0,MEZZALA_ATT,MEZZALA_ATT,-0.1085,0.0735,6.91,0,0.0,0.0,5.839583083088752
C,Mandragora,9,5.99,28,0.12,0.059,0.206,0.1,0.895,0,0,0,0.0,equilibrato,22.0,0.0,0.0,0.2571428571428571,26.0,0.9756109800648459,0.5789473684210527,0.0,0.4455,0.0,0.895,0.0,5.99,False,0.14,-0.0048,0.0,MEZZALA_ATT,MEZZALA_ATT,-0.1978,0.0165,6.055,0,0.0,0.0,5.360765336489553
C,Cancellieri,9,6.03,28,0.12,0.036,0.214,0.1,0.737,0,0,0,0.0,equilibrato,22.0,0.0,0.0,0.2571428571428571,26.0,0.9756109800648459,0.5789473684210527,0.0,0.40700000000000003,0.0,0.737,0.0,6.03,False,0.18,-0.008,0.0,ALA,MEZZALA_ATT,-0.2102,0.0459,6.224,0,0.0,0.0,5.460377057257894
C,Isaksen,9,5.97,25,0.12,0.037,0.15,0.1,0.711,0,0,0,0.0,equilibrato,22.0,0.0,0.0,0.2571428571428571,26.0,0.9756109800648459,0.5789473684210527,0.0,0.44049999999999995,0.0,0.711,0.0,5.97,False,0.14,-0.0079,0.0,MEZZALA_ATT,MEZZALA_ATT,-0.2047,0.0093,6.005,0,0.0,0.0,5.333884761245109
C,Konè I.,9,6.26,20,0.12,0.15,0.086,0.1,0.921,0,0,0,0.0,equilibrato,22.0,0.0,0.0,0.2571428571428571,26.0,0.9756109800648459,0.5789473684210527,0.0,0.6419999999999999,0.0,0.921,0.0,6.26,False,0.14,0.0079,0.0,MEZZALA_ATT,MEZZALA_ATT,-0.0824,0.0985,6.679,0,0.0,0.0,5.684009452224418
C,Odgaard,8,5.98,22,0.12,0.045,0.045,0.1,0.579,0,0,0,0.0,equilibrato,22.0,0.0,0.0,0.22857142857142856,26.0,0.9756109800648459,0.5789473684210527,0.0,0.505,0.0,0.579,0.0,5.98,False,0.14,-0.0067,0.0,MEZZALA_ATT,MEZZALA_ATT,-0.1676,0.0327,6.121,0,0.0,0.0,5.442196394427002
C,Cambiaghi,8,6.41,25,0.12,0.167,0.125,0.1,0.632,0,0,0,0.0,equilibrato,22.0,0.0,0.0,0.22857142857142856,26.0,0.9756109800648459,0.5789473684210527,0.0,0.648,0.0,0.632,0.0,6.41,False,0.14,0.0103,0.0,MEZZALA_ATT,MEZZALA_ATT,0.1099,0.2162,7.318,0,0.0,0.0,6.121388038165992
C,Fagioli,8,6.12,23,0.12,0.091,0.152,0.1,0.868,0,0,0,0.0,equilibrato,22.0,0.0,0.0,0.22857142857142856,25.0,0.9059551911095096,0.5789473684210527,0.0,0.5205000000000001,0.0,0.868,0.0,6.12,False,0.2,-0.0003,0.0,MEZZALA_ATT,MEZZALA_ATT,-0.1593,0.1041,6.558,0,0.0,0.0,5.695909619110242
C,Ndour,8,6.2,25,0.12,0.15,0.067,0.1,0.789,0,0,0,0.0,equilibrato,22.0,0.0,0.0,0.22857142857142856,26.0,0.9756109800648459,0.5789473684210527,0.0,0.6515,0.0,0.789,0.0,6.2,False,0.14,0.0079,0.0,MEZZALA_ATT,MEZZALA_ATT,-0.0522,0.1166,6.693,0,0.0,0.0,5.757809972026278
C,Diouf,8,6.48,37,0.12,0.15,0.1,0.1,0.263,0,0,0,0.0,equilibrato,22.0,0.0,0.0,0.22857142857142856,26.0,0.9756109800648459,0.5789473684210527,0.0,0.6349999999999999,0.0,0.263,0.0,6.48,False,0.14,0.0079,0.0,MEZZALA_ATT,MEZZALA_ATT,0.1854,0.2592,7.568,0,0.0,0.0,6.274426548027437
C,Sucic P.,8,5.97,26,0.12,0.071,0.179,0.1,0.737,0,0,0,0.0,equilibrato,22.0,0.0,0.0,0.22857142857142856,26.0,0.9756109800648459,0.5789473684210527,0.0,0.477,0.0,0.737,0.0,5.97,False,0.14,-0.0031,0.0,MEZZALA_ATT,MEZZALA_ATT,-0.1648,0.038,6.13,0,0.0,0.0,5.454157091211204
C,Locatelli,8,5.91,32,0.12,0.056,0.25,0.1,0.947,0,0,0,0.0,equilibrato,22.0,0.0,0.0,0.22857142857142856,26.0,0.9756109800648459,0.5789473684210527,0.0,0.41900000000000004,0.0,0.947,0.0,5.91,False,0.14,-0.0052,0.0,MEZZALA_ATT,MEZZALA_ATT,-0.2143,0.0062,5.932,0,0.0,0.0,5.340834744009327
C,Colpani,8,6.48,25,0.12,0.15,0.15,0.1,0.7,0,0,0,0.0,equilibrato,22.0,0.0,0.0,0.22857142857142856,26.0,0.9756109800648459,0.5789473684210527,0.0,0.61,0.0,0.7,0.0,6.48,False,0.25,0.0079,0.0,ALA,MEZZALA_ATT,0.0316,0.2769,7.64,0,0.0,0.0,6.328909131068355
C,Vergara,8,6.46,34,0.12,0.15,0.25,0.1,0.211,0,0,0,0.0,equilibrato,22.0,0.0,0.0,0.22857142857142856,26.0,0.9756109800648459,0.5789473684210527,0.0,0.5599999999999999,0.0,0.211,0.0,6.46,False,0.14,0.0079,0.0,MEZZALA_ATT,MEZZALA_ATT,0.1964,0.2658,7.569,0,0.0,0.0,6.2875814296940264
C,Cristante,8,5.87,29,0.12,0.027,0.162,0.1,0.974,0,0,0,0.0,equilibrato,22.0,0.0,0.0,0.22857142857142856,26.0,0.9756109800648459,0.5789473684210527,0.0,0.41949999999999993,0.0,0.974,0.0,5.87,False,0.14,-0.0093,0.0,MEZZALA_ATT,MEZZALA_ATT,-0.2431,-0.0151,5.804,0,0.0,0.0,5.266748203551937
C,Schmid,8,6.65,30,0.12,0.15,0.15,0.1,0.7,1,1,0,0.0,equilibrato,22.0,0.0,0.0,0.22857142857142856,26.0,0.9756109800648459,0.5789473684210527,0.0,0.61,0.5,0.7,0.0,6.65,False,0.14,0.0079,0.0,MEZZALA_ATT,MEZZALA_ATT,0.0316,0.1669,7.385,0,0.0,0.0,6.196697478912877
C,Gaetano,7,5.3,24,0.12,0.125,0.125,0.1,0.842,1,-1,0,0.0,contropiede,22.0,0.0,0.0,0.2,26.0,0.9756109800648459,0.5789473684210527,0.0,0.585,-0.7,0.842,0.0,5.3,False,0.14,0.0044,0.0,MEZZALA_ATT,MEZZALA_ATT,-0.0989,0.0851,5.612,0,0.0,0.0,5.4255542956886025
C,Ferguson,7,5.37,18,0.12,0.15,0.217,0.1,0.605,1,-1,1,0.0,equilibrato,22.0,0.0,0.0,0.2,26.0,0.9756109800648459,0.5789473684210527,0.0,0.5764999999999999,-0.8999999999999999,0.605,0.0,5.37,False,0.14,0.0079,0.0,MEZZALA_ATT,MEZZALA_ATT,0.0934,0.204,6.092,0,0.0,0.0,5.786682703069063
C,Fazzini,7,6.67,19,0.12,0.15,0.167,0.1,0.316,1,1,1,0.15,possesso,22.0,0.0,0.0,0.2,26.0,0.9756109800648459,0.5789473684210527,0.0,0.6014999999999999,0.35999999999999993,0.316,0.0,6.67,False,0.14,0.0079,0.0,MEZZALA_ATT,MEZZALA_ATT,0.1703,0.2501,7.759,0,0.0,0.0,6.526199837093721
C,Calò,7,6.65,25,0.12,0.15,0.15,0.1,0.7,1,1,0,0.0,equilibrato,22.0,0.0,0.0,0.2,26.0,0.9756109800648459,0.5789473684210527,0.0,0.61,0.5,0.7,0.0,6.65,False,0.14,0.0079,0.0,MEZZALA_ATT,MEZZALA_ATT,0.0316,0.1669,7.391,0,0.0,0.0,6.256412403365162
C,Frendrup,7,6.05,19,0.12,0.15,0.139,0.1,0.947,0,0,0,0.0,equilibrato,22.0,0.0,0.0,0.2,26.0,0.9756109800648459,0.5789473684210527,0.0,0.6154999999999999,0.0,0.947,0.0,6.05,False,0.14,0.0079,0.0,MEZZALA_ATT,MEZZALA_ATT,-0.092,0.0927,6.432,0,0.0,0.0,5.684211245713503
C,Frattesi,7,6.1,55,0.12,0.15,0.15,0.1,0.368,1,0,1,0.05,contropiede,22.0,0.0,0.0,0.2,26.0,0.9756109800648459,0.5789473684210527,0.0,0.61,-0.28,0.368,0.0,6.1,False,0.14,0.0079,0.0,MEZZALA_ATT,MEZZALA_ATT,0.1593,0.2435,7.072,0,0.0,0.0,6.150612215430367
C,Pessina,7,6.17,15,0.12,0.15,0.15,0.1,0.7,0,0,0,0.0,equilibrato,22.0,0.0,0.0,0.2,26.0,0.9756109800648459,0.5789473684210527,0.0,0.61,0.0,0.7,0.0,6.17,False,0.14,0.0079,0.0,MEZZALA_ATT,MEZZALA_ATT,0.0316,0.1669,6.857,0,0.0,0.0,5.944532884868061
C,Lobotka,7,6.08,20,0.12,0.15,0.097,0.1,0.816,0,0,0,0.0,equilibrato,22.0,0.0,0.0,0.2,26.0,0.9756109800648459,0.5789473684210527,0.0,0.6365,0.0,0.816,0.0,6.08,False,0.14,0.0079,0.0,MEZZALA_ATT,MEZZALA_ATT,-0.0604,0.1117,6.538,0,0.0,0.0,5.74971325458391
C,Bernabè,7,5.82,36,0.12,0.031,0.15,0.1,0.842,0,0,0,0.0,equilibrato,22.0,0.0,0.0,0.2,26.0,0.9756109800648459,0.5789473684210527,0.0,0.43149999999999994,0.0,0.842,0.0,5.82,False,0.14,-0.0087,0.0,MEZZALA_ATT,MEZZALA_ATT,-0.2225,-0.0022,5.808,0,0.0,0.0,5.331572360325733
C,Volpato,7,6.36,23,0.12,0.19,0.19,0.1,0.553,0,0,0,0.0,equilibrato,22.0,0.0,0.0,0.2,26.0,0.9756109800648459,0.5789473684210527,0.0,0.65,0.0,0.553,0.0,6.36,False,0.14,0.0135,0.0,MEZZALA_ATT,MEZZALA_ATT,0.1538,0.2458,7.374,0,0.0,0.0,6.244287388866923
C,Oristanio,7,5.48,27,0.12,0.15,0.056,0.1,0.474,1,-1,1,0.0,equilibrato,22.0,0.0,0.0,0.2,26.0,0.9756109800648459,0.5789473684210527,0.0,0.6569999999999999,-0.8999999999999999,0.474,0.0,5.48,False,0.14,0.0079,0.0,MEZZALA_ATT,MEZZALA_ATT,0.1332,0.2278,6.302,0,0.0,0.0,5.893565307855997
C,Unai Gomez,7,6.1,23,0.12,0.15,0.15,0.1,0.7,1,0,0,0.0,equilibrato,22.0,0.0,0.0,0.2,26.0,0.9756109800648459,0.5789473684210527,0.0,0.61,-0.1,0.7,0.0,6.1,False,0.14,0.0079,0.0,MEZZALA_ATT,MEZZALA_ATT,0.0316,0.1669,6.782,0,0.0,0.0,5.922421572160759
C,Sow,7,6.1,14,0.12,0.15,0.15,0.1,0.7,1,0,0,0.0,equilibrato,22.0,0.0,0.0,0.2,26.0,0.9756109800648459,0.5789473684210527,0.0,0.61,-0.1,0.7,0.0,6.1,False,0.14,0.0079,0.0,MEZZALA_ATT,MEZZALA_ATT,0.0316,0.1669,6.782,0,0.0,0.0,5.922421572160759
C,Zalewski,6,6.05,21,0.12,0.161,0.097,0.1,0.816,0,0,0,0.0,equilibrato,22.0,0.0,0.0,0.17142857142857143,26.0,0.9756109800648459,0.5789473684210527,0.0,0.6529999999999999,0.0,0.816,0.0,6.05,False,0.14,0.0094,0.0,MEZZALA_ATT,MEZZALA_ATT,-0.0371,0.1272,6.566,0,0.0,0.0,5.846149182412978
C,Pobega,6,5.2,14,0.12,0.043,0.087,0.1,0.605,1,-1,0,0.1,pressing,22.0,0.0,0.0,0.17142857142857143,26.0,0.9756109800648459,0.5789473684210527,0.0,0.481,-0.6599999999999999,0.605,0.0,5.2,False,0.14,-0.007,0.0,MEZZALA_ATT,MEZZALA_ATT,-0.1799,0.025,5.285,0,0.0,0.0,5.270421601040743
C,Adopo,6,5.72,13,0.12,0.026,0.105,0.1,1.0,0,0,0,0.0,equilibrato,22.0,0.0,0.0,0.17142857142857143,26.0,0.9756109800648459,0.5789473684210527,0.0,0.4465,0.0,1.0,0.0,5.72,False,0.14,-0.0094,0.0,MEZZALA_ATT,MEZZALA_ATT,-0.2473,-0.0178,5.651,0,0.0,0.0,5.310323039154348
C,Winks,6,6.59,14,0.12,0.15,0.15,0.1,0.7,1,1,0,0.0,equilibrato,22.0,0.0,0.0,0.17142857142857143,26.0,0.9756109800648459,0.5789473684210527,0.0,0.61,0.5,0.7,0.0,6.59,False,0.14,0.0079,0.0,MEZZALA_ATT,MEZZALA_ATT,0.0316,0.1669,7.328,0,0.0,0.0,6.310975366613246
C,Caqueret,6,6.03,20,0.12,0.143,0.107,0.1,0.737,0,0,0,0.0,equilibrato,22.0,0.0,0.0,0.17142857142857143,26.0,0.9756109800648459,0.5789473684210527,0.0,0.621,0.0,0.737,0.0,6.03,False,0.14,0.0069,0.0,MEZZALA_ATT,MEZZALA_ATT,-0.0467,0.1189,6.518,0,0.0,0.0,5.816568001662522
C,Liberali,6,6.59,22,0.12,0.15,0.15,0.1,0.7,1,1,0,0.0,equilibrato,22.0,0.0,0.0,0.17142857142857143,26.0,0.9756109800648459,0.5789473684210527,0.0,0.61,0.5,0.7,0.0,6.59,False,0.14,0.0079,0.0,MEZZALA_ATT,MEZZALA_ATT,0.0316,0.1669,7.328,0,0.0,0.0,6.310975366613246
C,Oulai,6,6.11,20,0.12,0.15,0.15,0.1,0.7,0,0,0,0.0,equilibrato,22.0,0.0,0.0,0.17142857142857143,26.0,0.9756109800648459,0.5789473684210527,0.0,0.61,0.0,0.7,0.0,6.11,False,0.14,0.0079,0.0,MEZZALA_ATT,MEZZALA_ATT,0.0316,0.1669,6.785,0,0.0,0.0,5.985485684123654
C,Ellertsson,6,5.75,18,0.12,0.029,0.029,0.1,0.921,0,0,0,0.0,equilibrato,22.0,0.0,0.0,0.17142857142857143,26.0,0.9756109800648459,0.5789473684210527,0.0,0.48899999999999993,0.0,0.921,0.0,5.75,False,0.14,-0.009,0.0,MEZZALA_ATT,MEZZALA_ATT,-0.2349,-0.0099,5.711,0,0.0,0.0,5.3425939607420485
C,Zhegrova,6,6.27,18,0.12,0.15,0.083,0.1,0.316,0,0,0,0.0,equilibrato,22.0,0.0,0.0,0.17142857142857143,26.0,0.9756109800648459,0.5789473684210527,0.0,0.6435,0.0,0.316,0.0,6.27,False,0.14,0.0079,0.0,MEZZALA_ATT,MEZZALA_ATT,0.1703,0.2501,7.287,0,0.0,0.0,6.29295506027673
C,Rovella,6,6.15,16,0.12,0.091,0.182,0.1,0.289,0,0,0,0.0,equilibrato,22.0,0.0,0.0,0.17142857142857143,26.0,0.9756109800648459,0.5789473684210527,0.0,0.5055000000000001,0.0,0.289,0.0,6.15,False,0.14,-0.0003,0.0,MEZZALA_ATT,MEZZALA_ATT,0.125,0.2147,7.017,0,0.0,0.0,6.144565266036605
C,Coulibaly L.,6,5.47,14,0.12,0.03,0.121,0.1,0.868,1,0,1,0.0,equilibrato,22.0,0.0,0.0,0.17142857142857143,26.0,0.9756109800648459,0.5789473684210527,0.0,0.4445,-0.30000000000000004,0.868,0.0,5.47,False,0.14,-0.0088,0.0,MEZZALA_ATT,MEZZALA_ATT,-0.2253,-0.004,5.457,0,0.0,0.0,5.273451780390013
C,Pierotti,6,5.73,19,0.12,0.027,0.108,0.1,0.974,0,0,0,0.0,equilibrato,22.0,0.0,0.0,0.17142857142857143,26.0,0.9756109800648459,0.5789473684210527,0.0,0.44649999999999995,0.0,0.974,0.0,5.73,False,0.14,-0.0093,0.0,MEZZALA_ATT,MEZZALA_ATT,-0.2431,-0.0151,5.666,0,0.0,0.0,5.319828843644132
C,Chukwueze,6,6.31,11,0.12,0.15,0.15,0.1,0.026,0,0,0,0.0,equilibrato,22.0,0.0,0.0,0.17142857142857143,26.0,0.9756109800648459,0.5789473684210527,0.0,0.61,0.0,0.026,0.0,6.31,False,0.14,0.0079,0.0,MEZZALA_ATT,MEZZALA_ATT,0.2294,0.2856,7.473,0,0.0,0.0,6.417159905249071
C,Akinsanmiro,6,5.07,16,0.12,0.043,0.087,0.1,0.605,1,-1,1,0.05,equilibrato,22.0,0.0,0.0,0.17142857142857143,26.0,0.9756109800648459,0.5789473684210527,0.0,0.481,-0.8799999999999999,0.605,0.0,5.07,False,0.14,-0.007,0.0,MEZZALA_ATT,MEZZALA_ATT,-0.1799,0.025,5.157,0,0.0,0.0,5.230698764318575
C,Nicolussi Caviglia,6,6.14,18,0.12,0.174,0.174,0.1,0.605,1,0,0,0.0,equilibrato,22.0,0.0,0.0,0.17142857142857143,26.0,0.9756109800648459,0.5789473684210527,0.0,0.634,-0.1,0.605,0.0,6.14,False,0.14,0.0113,0.0,MEZZALA_ATT,MEZZALA_ATT,0.1291,0.2287,7.061,0,0.0,0.0,6.184080691330946
C,Karlstrom,6,5.98,20,0.12,0.15,0.167,0.1,0.947,0,0,0,0.0,equilibrato,22.0,0.0,0.0,0.17142857142857143,26.0,0.9756109800648459,0.5789473684210527,0.0,0.6014999999999999,0.0,0.947,0.0,5.98,False,0.14,0.0079,0.0,MEZZALA_ATT,MEZZALA_ATT,-0.092,0.0927,6.363,0,0.0,0.0,5.722207685820206
C,Basic,6,6.03,19,0.12,0.13,0.15,0.1,0.605,0,0,0,0.0,equilibrato,22.0,0.0,0.0,0.17142857142857143,26.0,0.9756109800648459,0.5789473684210527,0.0,0.58,0.0,0.605,0.0,6.03,False,0.14,0.0051,0.0,MEZZALA_ATT,MEZZALA_ATT,-0.022,0.1319,6.569,0,0.0,0.0,5.855603721946442
C,Tourè I.,6,6.02,15,0.12,0.15,0.133,0.1,0.789,0,0,0,0.0,equilibrato,22.0,0.0,0.0,0.17142857142857143,26.0,0.9756109800648459,0.5789473684210527,0.0,0.6184999999999999,0.0,0.789,0.0,6.02,False,0.14,0.0079,0.0,MEZZALA_ATT,MEZZALA_ATT,-0.0522,0.1166,6.495,0,0.0,0.0,5.805359617769236
C,Amondarain,5,5.95,12,0.12,0.15,0.15,0.1,0.7,1,0,0,0.0,equilibrato,22.0,0.0,0.0,0.14285714285714285,26.0,0.9756109800648459,0.5789473684210527,0.0,0.61,-0.1,0.7,0.0,5.95,False,0.14,0.0079,0.0,MEZZALA_ATT,MEZZALA_ATT,0.0316,0.1669,6.614,0,0.0,0.0,6.016452793813954
C,Romano,5,5.15,12,0.12,0.15,0.15,0.1,0.7,1,-1,1,0.0,contropiede,22.0,0.0,0.0,0.14285714285714285,26.0,0.9756109800648459,0.5789473684210527,0.0,0.61,-0.8999999999999999,0.7,0.0,5.15,False,0.14,0.0079,0.0,MEZZALA_ATT,MEZZALA_ATT,0.0316,0.1669,5.727,0,0.0,0.0,5.734880145909511
C,Felici,5,6.04,10,0.12,0.091,0.273,0.1,0.289,0,0,0,0.0,equilibrato,22.0,0.0,0.0,0.14285714285714285,26.0,0.9756109800648459,0.5789473684210527,0.0,0.46,0.0,0.289,0.0,6.04,False,0.14,-0.0003,0.0,MEZZALA_ATT,MEZZALA_ATT,0.125,0.2147,6.89,0,0.0,0.0,6.192040914326971
C,Milla,5,6.5,14,0.12,0.15,0.15,0.1,0.7,1,1,0,0.0,equilibrato,22.0,0.0,0.0,0.14285714285714285,26.0,0.9756109800648459,0.5789473684210527,0.0,0.61,0.5,0.7,0.0,6.5,False,0.14,0.0079,0.0,MEZZALA_ATT,MEZZALA_ATT,0.0316,0.1669,7.226,0,0.0,0.0,6.377328627466344
C,Addai,5,6.14,10,0.12,0.15,0.333,0.1,0.316,0,0,0,0.0,equilibrato,22.0,0.0,0.0,0.14285714285714285,26.0,0.9756109800648459,0.5789473684210527,0.0,0.5185,0.0,0.316,0.0,6.14,False,0.14,0.0079,0.0,MEZZALA_ATT,MEZZALA_ATT,0.1703,0.2501,7.139,0,0.0,0.0,6.337366219991231
C,Zerbin,5,5.17,13,0.12,0.069,0.069,0.1,0.763,1,-1,0,0.05,pressing,22.0,0.0,0.0,0.14285714285714285,26.0,0.9756109800648459,0.5789473684210527,0.0,0.529,-0.6799999999999999,0.763,0.0,5.17,False,0.14,-0.0034,0.0,MEZZALA_ATT,MEZZALA_ATT,-0.1703,0.0344,5.291,0,0.0,0.0,5.35669920786009
C,Meichtry,5,5.95,14,0.12,0.15,0.15,0.1,0.7,1,0,0,0.0,equilibrato,22.0,0.0,0.0,0.14285714285714285,26.0,0.9756109800648459,0.5789473684210527,0.0,0.61,-0.1,0.7,0.0,5.95,False,0.14,0.0079,0.0,MEZZALA_ATT,MEZZALA_ATT,0.0316,0.1669,6.614,0,0.0,0.0,6.016452793813954
C,Traorè Hj.,5,6.02,11,0.12,0.15,0.15,0.1,0.7,0,0,0,0.0,equilibrato,22.0,0.0,0.0,0.14285714285714285,26.0,0.9756109800648459,0.5789473684210527,0.0,0.61,0.0,0.7,0.0,6.02,False,0.14,0.0079,0.0,MEZZALA_ATT,MEZZALA_ATT,0.0316,0.1669,6.694,0,0.0,0.0,6.041857844752702
C,Mkhitaryan,5,5.68,19,0.12,0.036,0.179,0.1,0.737,0,0,0,0.0,equilibrato,22.0,0.0,0.0,0.14285714285714285,26.0,0.9756109800648459,0.5789473684210527,0.0,0.4245,0.0,0.737,0.0,5.68,False,0.14,-0.008,0.0,MEZZALA_ATT,MEZZALA_ATT,-0.2102,0.0059,5.702,0,0.0,0.0,5.439973727331834
C,Koopmeiners,5,5.95,14,0.12,0.15,0.172,0.1,0.763,0,0,0,0.0,equilibrato,22.0,0.0,0.0,0.14285714285714285,26.0,0.9756109800648459,0.5789473684210527,0.0,0.599,0.0,0.763,0.0,5.95,False,0.14,0.0079,0.0,MEZZALA_ATT,MEZZALA_ATT,-0.0412,0.1232,6.442,0,0.0,0.0,5.882279961527283
C,Dele-Bashiru,5,6.11,13,0.12,0.15,0.15,0.1,0.553,0,0,0,0.0,equilibrato,22.0,0.0,0.0,0.14285714285714285,26.0,0.9756109800648459,0.5789473684210527,0.0,0.61,0.0,0.553,0.0,6.11,False,0.14,0.0079,0.0,MEZZALA_ATT,MEZZALA_ATT,0.1168,0.218,6.988,0,0.0,0.0,6.229237345132075
C,Berisha M.,5,6.32,16,0.12,0.25,0.15,0.1,0.316,0,0,0,0.0,equilibrato,22.0,0.0,0.0,0.14285714285714285,26.0,0.9756109800648459,0.5789473684210527,0.0,0.76,0.0,0.316,0.0,6.32,False,0.14,0.0219,0.0,MEZZALA_ATT,MEZZALA_ATT,0.2473,0.3103,7.58,0,0.0,0.0,6.591437461789219
C,Gandelman,5,5.84,14,0.12,0.062,0.15,0.1,0.421,0,0,0,0.0,equilibrato,22.0,0.0,0.0,0.14285714285714285,26.0,0.9756109800648459,0.5789473684210527,0.0,0.4779999999999999,0.0,0.421,0.0,5.84,False,0.14,-0.0044,0.0,MEZZALA_ATT,MEZZALA_ATT,-0.0852,0.0845,6.173,0,0.0,0.0,5.727480744175296
C,Fofana Y.,5,5.78,23,0.12,0.091,0.121,0.1,0.868,0,0,0,0.0,equilibrato,22.0,0.0,0.0,0.14285714285714285,26.0,0.9756109800648459,0.5789473684210527,0.0,0.536,0.0,0.868,0.0,5.78,False,0.14,-0.0003,0.0,MEZZALA_ATT,MEZZALA_ATT,-0.1593,0.0441,5.954,0,0.0,0.0,5.586668896397387
C,Keita M.,5,5.67,15,0.12,0.028,0.028,0.1,0.947,0,0,0,0.0,equilibrato,22.0,0.0,0.0,0.14285714285714285,26.0,0.9756109800648459,0.5789473684210527,0.0,0.488,0.0,0.947,0.0,5.67,False,0.14,-0.0091,0.0,MEZZALA_ATT,MEZZALA_ATT,-0.239,-0.0125,5.62,0,0.0,0.0,5.38221062434197
C,Pisilli,5,6.19,17,0.12,0.182,0.136,0.1,0.579,0,0,0,0.0,equilibrato,22.0,0.0,0.0,0.14285714285714285,26.0,0.9756109800648459,0.5789473684210527,0.0,0.665,0.0,0.579,0.0,6.19,False,0.14,0.0124,0.0,MEZZALA_ATT,MEZZALA_ATT,0.1387,0.2356,7.145,0,0.0,0.0,6.31228530841504
C,Matic,5,5.66,15,0.12,0.029,0.176,0.1,0.895,0,0,0,0.0,equilibrato,22.0,0.0,0.0,0.14285714285714285,26.0,0.9756109800648459,0.5789473684210527,0.0,0.4155,0.0,0.895,0.0,5.66,False,0.14,-0.009,0.0,MEZZALA_ATT,MEZZALA_ATT,-0.2294,-0.0066,5.629,0,0.0,0.0,5.395288686084195
C,Adzic,5,6.21,16,0.12,0.15,0.15,0.1,0.105,0,0,0,0.0,equilibrato,22.0,0.0,0.0,0.14285714285714285,26.0,0.9756109800648459,0.5789473684210527,0.0,0.61,0.0,0.105,0.0,6.21,False,0.14,0.0079,0.0,MEZZALA_ATT,MEZZALA_ATT,0.2115,0.2748,7.309,0,0.0,0.0,6.437974638081598
C,Bakola,5,6.23,14,0.12,0.15,0.15,0.1,0.079,0,0,0,0.0,equilibrato,22.0,0.0,0.0,0.14285714285714285,26.0,0.9756109800648459,0.5789473684210527,0.0,0.61,0.0,0.079,0.0,6.23,False,0.14,0.0079,0.0,MEZZALA_ATT,MEZZALA_ATT,0.2294,0.2856,7.373,0,0.0,0.0,6.4786741815744096
C,Cacciamani,5,6.02,18,0.12,0.15,0.15,0.1,0.7,0,0,0,0.0,equilibrato,22.0,0.0,0.0,0.14285714285714285,26.0,0.9756109800648459,0.5789473684210527,0.0,0.61,0.0,0.7,0.0,6.02,False,0.14,0.0079,0.0,MEZZALA_ATT,MEZZALA_ATT,0.0316,0.1669,6.694,0,0.0,0.0,6.041857844752702
C,Gineitis,5,5.68,13,0.12,0.037,0.185,0.1,0.711,0,0,0,0.0,equilibrato,22.0,0.0,0.0,0.14285714285714285,26.0,0.9756109800648459,0.5789473684210527,0.0,0.42299999999999993,0.0,0.711,0.0,5.68,False,0.14,-0.0079,0.0,MEZZALA_ATT,MEZZALA_ATT,-0.2047,0.0093,5.719,0,0.0,0.0,5.4510880780739
C,Piotrowski,5,5.95,15,0.12,0.15,0.067,0.1,0.789,0,0,0,0.0,equilibrato,22.0,0.0,0.0,0.14285714285714285,26.0,0.9756109800648459,0.5789473684210527,0.0,0.6515,0.0,0.789,0.0,5.95,False,0.14,0.0079,0.0,MEZZALA_ATT,MEZZALA_ATT,-0.0522,0.1166,6.415,0,0.0,0.0,5.8619384179966225
C,Busio,5,6.02,14,0.12,0.15,0.15,0.1,0.7,0,0,0,0.0,equilibrato,22.0,0.0,0.0,0.14285714285714285,26.0,0.9756109800648459,0.5789473684210527,0.0,0.61,0.0,0.7,0.0,6.02,False,0.14,0.0079,0.0,MEZZALA_ATT,MEZZALA_ATT,0.0316,0.1669,6.694,0,0.0,0.0,6.041857844752702
C,Sohm,5,5.54,14,0.12,0.042,0.125,0.1,0.632,1,0,1,0.15,possesso,22.0,0.0,0.0,0.14285714285714285,26.0,0.9756109800648459,0.5789473684210527,0.0,0.4605,-0.24000000000000002,0.632,0.0,5.54,False,0.14,-0.0072,0.0,MEZZALA_ATT,MEZZALA_ATT,-0.1854,0.0216,5.624,0,0.0,0.0,5.441667080694063
C,Perez K.,5,6.09,14,0.12,0.15,0.286,0.1,0.553,0,0,0,0.0,equilibrato,22.0,0.0,0.0,0.14285714285714285,26.0,0.9756109800648459,0.5789473684210527,0.0,0.5419999999999999,0.0,0.553,0.0,6.09,False,0.14,0.0079,0.0,MEZZALA_ATT,MEZZALA_ATT,0.1168,0.218,6.96,0,0.0,0.0,6.220551002443719
C,Grillitsch,5,6.5,14,0.12,0.15,0.15,0.1,0.7,1,1,0,0.0,equilibrato,22.0,0.0,0.0,0.14285714285714285,26.0,0.9756109800648459,0.5789473684210527,0.0,0.61,0.5,0.7,0.0,6.5,False,0.14,0.0079,0.0,MEZZALA_ATT,MEZZALA_ATT,0.0316,0.1669,7.226,0,0.0,0.0,6.377328627466344
C,De Roon,4,5.63,12,0.12,0.059,0.176,0.1,0.895,0,0,0,0.0,equilibrato,22.0,0.0,0.0,0.11428571428571428,32.0,0.5394075072376265,0.5789473684210527,0.0,0.4605,0.0,0.895,0.0,5.63,False,0.14,-0.0048,0.0,MEZZALA_ATT,MEZZALA_ATT,-0.1978,0.0165,5.697,0,0.0,0.0,5.5639257122861165
C,Moro N.,4,5.84,10,0.12,0.15,0.036,0.1,0.737,1,0,0,0.0,equilibrato,22.0,0.0,0.0,0.11428571428571428,26.0,0.9756109800648459,0.5789473684210527,0.0,0.6669999999999999,-0.1,0.737,0.0,5.84,False,0.14,0.0079,0.0,MEZZALA_ATT,MEZZALA_ATT,-0.033,0.1281,6.345,0,0.0,0.0,5.9783995143376565
C,Prati,4,5.06,7,0.12,0.15,0.188,0.1,0.842,1,-1,1,0.0,contropiede,22.0,0.0,0.0,0.11428571428571428,26.0,0.9756109800648459,0.5789473684210527,0.0,0.591,-0.8999999999999999,0.842,0.0,5.06,False,0.14,0.0079,0.0,MEZZALA_ATT,MEZZALA_ATT,-0.0701,0.1059,5.423,0,0.0,0.0,5.628342092500266
C,Fabbian,4,6.0,8,0.12,0.15,0.091,0.1,0.579,1,0,0,0.15,possesso,22.0,0.0,0.0,0.11428571428571428,26.0,0.9756109800648459,0.5789473684210527,0.0,0.6395,-0.04000000000000001,0.579,0.0,6.0,False,0.14,0.0079,0.0,MEZZALA_ATT,MEZZALA_ATT,0.1071,0.2122,6.843,0,0.0,0.0,6.299267950389772
C,Cichella,4,5.95,11,0.12,0.15,0.15,0.1,0.7,0,0,0,0.0,equilibrato,22.0,0.0,0.0,0.11428571428571428,26.0,0.9756109800648459,0.5789473684210527,0.0,0.61,0.0,0.7,0.0,5.95,False,0.14,0.0079,0.0,MEZZALA_ATT,MEZZALA_ATT,0.0316,0.1669,6.616,0,0.0,0.0,6.140083377649225
C,Koutsoupias,4,5.95,12,0.12,0.15,0.15,0.1,0.7,0,0,0,0.0,equilibrato,22.0,0.0,0.0,0.11428571428571428,26.0,0.9756109800648459,0.5789473684210527,0.0,0.61,0.0,0.7,0.0,5.95,False,0.14,0.0079,0.0,MEZZALA_ATT,MEZZALA_ATT,0.0316,0.1669,6.616,0,0.0,0.0,6.140083377649225
C,Amorim,4,6.11,11,0.12,0.15,0.111,0.1,0.237,0,0,0,0.0,equilibrato,22.0,0.0,0.0,0.11428571428571428,26.0,0.9756109800648459,0.5789473684210527,0.0,0.6295,0.0,0.237,0.0,6.11,False,0.14,0.0079,0.0,MEZZALA_ATT,MEZZALA_ATT,0.1909,0.2625,7.149,0,0.0,0.0,6.496355553148507
C,Luis Henrique,4,6.03,13,0.12,0.074,0.037,0.1,0.711,1,1,1,0.1,pressing,22.0,0.0,0.0,0.11428571428571428,26.0,0.9756109800648459,0.5789473684210527,0.0,0.5525,0.34,0.711,0.0,6.03,False,0.14,-0.0027,0.0,MEZZALA_ATT,MEZZALA_ATT,-0.1456,0.0499,6.237,0,0.0,0.0,5.967414310168923
C,Douglas Luiz,4,7.1,12,0.12,0.15,0.15,0.1,0.82,0,0,0,0.0,equilibrato,22.0,0.0,0.0,0.11428571428571428,26.0,0.9756109800648459,0.5789473684210527,0.0,0.61,0.0,0.7,0.0,7.1,False,0.14,0.0079,0.0,MEZZALA_ATT,MEZZALA_ATT,0.0316,0.1669,6.616,1,0.0,0.0,6.567338220076374
C,Cataldi,4,5.8,12,0.12,0.111,0.222,0.1,0.711,0,0,0,0.0,equilibrato,22.0,0.0,0.0,0.11428571428571428,26.0,0.9756109800648459,0.5789473684210527,0.0,0.5155,0.0,0.711,0.0,5.8,False,0.14,0.0025,0.0,MEZZALA_ATT,MEZZALA_ATT,-0.0879,0.0897,6.149,0,0.0,0.0,5.844321560017392
C,Ngom,4,6.1,11,0.12,0.15,0.077,0.1,0.342,0,0,0,0.0,equilibrato,22.0,0.0,0.0,0.11428571428571428,26.0,0.9756109800648459,0.5789473684210527,0.0,0.6465,0.0,0.342,0.0,6.1,False,0.14,0.0079,0.0,MEZZALA_ATT,MEZZALA_ATT,0.1635,0.246,7.079,0,0.0,0.0,6.441349742377562
C,Ricci S.,4,5.77,11,0.12,0.107,0.107,0.1,0.737,0,0,0,0.0,equilibrato,22.0,0.0,0.0,0.11428571428571428,26.0,0.9756109800648459,0.5789473684210527,0.0,0.567,0.0,0.737,0.0,5.77,False,0.14,0.0019,0.0,MEZZALA_ATT,MEZZALA_ATT,-0.103,0.0801,6.09,0,0.0,0.0,5.807070893404129
C,Jashari,4,5.96,11,0.12,0.083,0.15,0.1,0.316,0,0,0,0.0,equilibrato,22.0,0.0,0.0,0.11428571428571428,26.0,0.9756109800648459,0.5789473684210527,0.0,0.5095000000000001,0.0,0.316,0.0,5.96,False,0.14,-0.0014,0.0,MEZZALA_ATT,MEZZALA_ATT,0.0907,0.193,6.719,0,0.0,0.0,6.222324538593869
C,Loftus-Cheek,4,5.69,11,0.12,0.048,0.095,0.1,0.553,0,0,0,0.0,equilibrato,22.0,0.0,0.0,0.11428571428571428,26.0,0.9756109800648459,0.5789473684210527,0.0,0.48450000000000004,0.0,0.553,0.0,5.69,False,0.14,-0.0063,0.0,MEZZALA_ATT,MEZZALA_ATT,-0.1511,0.043,5.859,0,0.0,0.0,5.6642151267247645
C,Folorunsho,4,6.36,10,0.12,0.15,0.115,0.1,0.684,1,1,1,0.2,possesso,22.0,0.0,0.0,0.11428571428571428,26.0,0.9756109800648459,0.5789473684210527,0.0,0.6275,0.37999999999999995,0.684,0.0,6.36,False,0.14,0.0079,0.0,MEZZALA_ATT,MEZZALA_ATT,0.0865,0.1998,7.198,0,0.0,0.0,6.571326550475909
C,Almqvist,4,6.04,14,0.12,0.111,0.15,0.1,0.237,0,0,0,0.0,equilibrato,22.0,0.0,0.0,0.11428571428571428,26.0,0.9756109800648459,0.5789473684210527,0.0,0.5515,0.0,0.237,0.0,6.04,False,0.14,0.0025,0.0,MEZZALA_ATT,MEZZALA_ATT,0.1566,0.2364,6.98,0,0.0,0.0,6.390169452802352
C,El Aynaoui,4,5.78,18,0.12,0.095,0.238,0.1,0.553,0,0,0,0.0,equilibrato,22.0,0.0,0.0,0.11428571428571428,26.0,0.9756109800648459,0.5789473684210527,0.0,0.48349999999999993,0.0,0.553,0.0,5.78,False,0.14,0.0002,0.0,MEZZALA_ATT,MEZZALA_ATT,-0.0755,0.0949,6.156,0,0.0,0.0,5.855579563916126
C,Fitz-Jim,4,5.87,13,0.12,0.15,0.15,0.1,0.7,1,0,0,0.0,equilibrato,22.0,0.0,0.0,0.11428571428571428,26.0,0.9756109800648459,0.5789473684210527,0.0,0.61,-0.1,0.7,0.0,5.87,False,0.14,0.0079,0.0,MEZZALA_ATT,MEZZALA_ATT,0.0316,0.1669,6.526,0,0.0,0.0,6.109884736954113
C,Ilkhan,4,6.0,10,0.12,0.118,0.118,0.1,0.447,0,0,0,0.0,equilibrato,22.0,0.0,0.0,0.11428571428571428,26.0,0.9756109800648459,0.5789473684210527,0.0,0.5779999999999998,0.0,0.447,0.0,6.0,False,0.14,0.0034,0.0,MEZZALA_ATT,MEZZALA_ATT,0.1003,0.2036,6.803,0,0.0,0.0,6.269928406937015
C,Njie,4,6.02,12,0.12,0.1,0.2,0.1,0.263,0,0,0,0.0,equilibrato,22.0,0.0,0.0,0.11428571428571428,26.0,0.9756109800648459,0.5789473684210527,0.0,0.51,0.0,0.263,0.0,6.02,False,0.14,0.0009,0.0,MEZZALA_ATT,MEZZALA_ATT,0.1456,0.2283,6.914,0,0.0,0.0,6.353446165055488
C,Sulemana I.,3,6.33,7,0.12,0.15,0.167,0.1,0.474,1,1,1,0.15,pressing,22.0,0.0,0.0,0.08571428571428572,26.0,0.9756109800648459,0.5789473684210527,0.0,0.6014999999999999,0.35999999999999993,0.474,0.0,6.33,False,0.14,0.0079,0.0,MEZZALA_ATT,MEZZALA_ATT,0.1332,0.2278,7.27,0,0.0,0.0,6.877866710539219
C,Dominguez B.,3,5.9,12,0.12,0.25,0.083,0.1,0.316,1,0,1,0.0,equilibrato,22.0,0.0,0.0,0.08571428571428572,26.0,0.9756109800648459,0.5789473684210527,0.0,0.7935,-0.30000000000000004,0.316,0.0,5.9,False,0.14,0.0219,0.0,MEZZALA_ATT,MEZZALA_ATT,0.2473,0.3103,7.07,0,0.0,0.0,6.776069614974932
C,Deiola,3,5.61,8,0.12,0.05,0.15,0.1,0.526,0,0,0,0.0,equilibrato,22.0,0.0,0.0,0.08571428571428572,26.0,0.9756109800648459,0.5789473684210527,0.0,0.46,0.0,0.526,0.0,5.61,False,0.14,-0.0061,0.0,MEZZALA_ATT,MEZZALA_ATT,-0.1346,0.0532,5.816,0,0.0,0.0,5.847324345373099
C,Brescianini,3,5.85,7,0.12,0.056,0.111,0.1,0.474,1,0,0,0.15,possesso,22.0,0.0,0.0,0.08571428571428572,26.0,0.9756109800648459,0.5789473684210527,0.0,0.48850000000000005,-0.04000000000000001,0.474,0.0,5.85,False,0.28,-0.0052,0.0,MEZZALA_ATT,MEZZALA_ATT,-0.1168,0.2047,6.639,0,0.0,0.0,6.4196111290109
C,Gelli F.,3,6.21,8,0.12,0.15,0.235,0.1,0.447,1,1,1,0.0,equilibrato,22.0,0.0,0.0,0.08571428571428572,26.0,0.9756109800648459,0.5789473684210527,0.0,0.5674999999999999,0.3,0.447,0.0,6.21,False,0.14,0.0079,0.0,MEZZALA_ATT,MEZZALA_ATT,0.1484,0.237,7.173,0,0.0,0.0,6.860441492483088
C,Fini ,3,6.07,9,0.12,0.15,0.15,0.1,0.026,0,0,0,0.0,equilibrato,22.0,0.0,0.0,0.08571428571428572,26.0,0.9756109800648459,0.5789473684210527,0.0,0.61,0.0,0.026,0.0,6.07,False,0.14,0.0079,0.0,MEZZALA_ATT,MEZZALA_ATT,0.2294,0.2856,7.19,0,0.0,0.0,6.7723258724579365
C,Messias,3,5.65,8,0.12,0.053,0.053,0.1,0.5,0,0,0,0.0,equilibrato,22.0,0.0,0.0,0.08571428571428572,26.0,0.9756109800648459,0.5789473684210527,0.0,0.513,0.0,0.5,0.0,5.65,False,0.14,-0.0056,0.0,MEZZALA_ATT,MEZZALA_ATT,-0.1209,0.0618,5.892,0,0.0,0.0,5.890349646723373
C,Stankovic A.,3,5.88,10,0.12,0.15,0.15,0.1,0.7,0,0,0,0.0,equilibrato,22.0,0.0,0.0,0.08571428571428572,26.0,0.9756109800648459,0.5789473684210527,0.0,0.61,0.0,0.7,0.0,5.88,False,0.14,0.0079,0.0,MEZZALA_ATT,MEZZALA_ATT,0.0316,0.1669,6.529,0,0.0,0.0,6.310211875041031
C,Miretti,3,5.73,11,0.12,0.067,0.067,0.1,0.395,0,0,0,0.0,equilibrato,22.0,0.0,0.0,0.08571428571428572,23.0,0.6736384553447268,0.5789473684210527,0.0,0.527,0.0,0.395,0.0,5.73,False,0.14,-0.0037,0.0,MEZZALA_ATT,MEZZALA_ATT,-0.0659,0.0968,6.107,0,0.0,0.0,6.030569748762504
C,Colombo L.,3,4.91,7,0.12,0.029,0.114,0.1,0.921,1,-1,0,0.0,equilibrato,22.0,0.0,0.0,0.08571428571428572,26.0,0.9756109800648459,0.5789473684210527,0.0,0.44649999999999995,-0.7,0.921,0.0,4.91,False,0.14,-0.009,0.0,MEZZALA_ATT,MEZZALA_ATT,-0.2349,-0.0099,4.876,0,0.0,0.0,5.391201287257014
C,Gilmour,3,6.35,9,0.12,0.15,0.077,0.1,0.7,0,0,0,0.0,equilibrato,22.0,0.0,0.0,0.08571428571428572,26.0,0.9756109800648459,0.5789473684210527,0.0,0.6465,0.0,0.342,0.0,6.35,False,0.14,0.0079,0.0,MEZZALA_ATT,MEZZALA_ATT,0.1635,0.246,6.986,1,0.0,0.0,6.762247170876539
C,Sorensen O.,3,5.54,12,0.12,0.033,0.067,0.1,0.789,0,0,0,0.0,equilibrato,22.0,0.0,0.0,0.08571428571428572,26.0,0.9756109800648459,0.5789473684210527,0.0,0.476,0.0,0.789,0.0,5.54,False,0.14,-0.0084,0.0,MEZZALA_ATT,MEZZALA_ATT,-0.2184,0.0005,5.54,0,0.0,0.0,5.655868649337031
C,Diallo O.,3,6.58,12,0.12,0.15,0.15,0.1,0.026,1,1,0,0.0,equilibrato,22.0,0.0,0.0,0.08571428571428572,26.0,0.9756109800648459,0.5789473684210527,0.0,0.61,0.5,0.026,0.0,6.58,False,0.14,0.0079,0.0,MEZZALA_ATT,MEZZALA_ATT,0.2294,0.2856,7.79,0,0.0,0.0,7.1810605605011295
C,Aboukhlal,3,5.99,5,0.12,0.15,0.364,0.1,0.289,0,0,0,0.0,equilibrato,22.0,0.0,0.0,0.08571428571428572,26.0,0.9756109800648459,0.5789473684210527,0.0,0.5029999999999999,0.0,0.289,0.0,5.99,False,0.14,0.0079,0.0,MEZZALA_ATT,MEZZALA_ATT,0.1799,0.2559,6.983,0,0.0,0.0,6.640650647228789
C,Miller L.,3,5.77,12,0.12,0.105,0.211,0.1,0.5,0,0,0,0.0,equilibrato,22.0,0.0,0.0,0.08571428571428572,26.0,0.9756109800648459,0.5789473684210527,0.0,0.5119999999999999,0.0,0.5,0.0,5.77,False,0.14,0.0016,0.0,MEZZALA_ATT,MEZZALA_ATT,-0.0275,0.1251,6.26,0,0.0,0.0,6.136785950642214
C,Helgason,3,5.97,7,0.12,0.15,0.15,0.1,0.105,1,0,0,0.0,equilibrato,22.0,0.0,0.0,0.08571428571428572,26.0,0.9756109800648459,0.5789473684210527,0.0,0.61,-0.1,0.105,0.0,5.97,False,0.14,0.0079,0.0,MEZZALA_ATT,MEZZALA_ATT,0.2115,0.2748,7.034,0,0.0,0.0,6.695168710495924
C,Cissè A.,3,5.88,8,0.12,0.15,0.15,0.1,0.7,0,0,0,0.0,equilibrato,22.0,0.0,0.0,0.08571428571428572,26.0,0.9756109800648459,0.5789473684210527,0.0,0.61,0.0,0.7,0.0,5.88,False,0.14,0.0079,0.0,MEZZALA_ATT,MEZZALA_ATT,0.0316,0.1669,6.529,0,0.0,0.0,6.310211875041031
C,El Azzouzi O.,2,6.46,4,0.12,0.15,0.15,0.1,0.026,1,1,0,0.0,equilibrato,22.0,0.0,0.0,0.05714285714285714,26.0,0.9756109800648459,0.5789473684210527,0.0,0.61,0.5,0.026,0.0,6.46,False,0.14,0.0079,0.0,MEZZALA_ATT,MEZZALA_ATT,0.2294,0.2856,7.655,0,0.0,0.0,7.599481864260501
C,Fadera,2,5.19,3,0.12,0.042,0.208,0.1,0.632,1,0,1,0.0,contropiede,22.0,0.0,0.0,0.05714285714285714,26.0,0.9756109800648459,0.5789473684210527,0.0,0.41900000000000004,-0.30000000000000004,0.632,0.0,5.19,False,0.14,-0.0072,0.0,MEZZALA_ATT,MEZZALA_ATT,-0.1854,0.0216,5.267,0,0.0,0.0,5.914038397344845
C,Hasa,2,5.25,5,0.12,0.15,0.15,0.1,0.7,1,-1,0,0.05,pressing,22.0,0.0,0.0,0.05714285714285714,23.0,0.6736384553447268,0.5789473684210527,0.0,0.61,-0.6799999999999999,0.7,0.0,5.25,False,0.2,0.0079,0.0,MEZZALA_ATT,MEZZALA_ATT,0.0316,0.2269,6.031,0,0.0,0.0,6.604174932654513
C,Masini,2,4.78,4,0.12,0.048,0.238,0.1,0.553,1,-1,1,0.05,pressing,22.0,0.0,0.0,0.05714285714285714,26.0,0.9756109800648459,0.5789473684210527,0.0,0.41300000000000003,-0.8799999999999999,0.553,0.0,4.78,False,0.14,-0.0063,0.0,MEZZALA_ATT,MEZZALA_ATT,-0.1511,0.043,4.925,0,0.0,0.0,5.802893006459667
C,Venturino,2,5.16,6,0.12,0.15,0.15,0.1,0.184,1,-1,1,0.0,equilibrato,22.0,0.0,0.0,0.05714285714285714,26.0,0.9756109800648459,0.5789473684210527,0.0,0.61,-0.8999999999999999,0.184,0.0,5.16,False,0.14,0.0079,0.0,MEZZALA_ATT,MEZZALA_ATT,0.2033,0.2699,6.068,0,0.0,0.0,6.70027344568125
C,Maleh,2,5.88,5,0.12,0.15,0.143,0.1,0.553,0,0,0,0.0,equilibrato,22.0,0.0,0.0,0.05714285714285714,26.0,0.9756109800648459,0.5789473684210527,0.0,0.6134999999999999,0.0,0.553,0.0,5.88,False,0.14,0.0079,0.0,MEZZALA_ATT,MEZZALA_ATT,0.1168,0.218,6.723,0,0.0,0.0,6.880899060447907
C,Musah,2,6.27,6,0.12,0.15,0.062,0.1,0.421,1,1,1,0.15,pressing,22.0,0.0,0.0,0.05714285714285714,26.0,0.9756109800648459,0.5789473684210527,0.0,0.6539999999999999,0.35999999999999993,0.421,0.0,6.27,False,0.14,0.0079,0.0,MEZZALA_ATT,MEZZALA_ATT,0.1511,0.2386,7.251,0,0.0,0.0,7.335668085783964
C,Ciurria,2,5.8,6,0.12,0.15,0.15,0.1,0.7,0,0,0,0.0,equilibrato,22.0,0.0,0.0,0.05714285714285714,26.0,0.9756109800648459,0.5789473684210527,0.0,0.61,0.0,0.7,0.0,5.8,False,0.14,0.0079,0.0,MEZZALA_ATT,MEZZALA_ATT,0.0316,0.1669,6.441,0,0.0,0.0,6.6680368620894015
C,Ordonez C.,2,5.88,5,0.12,0.15,0.143,0.1,0.553,0,0,0,0.0,equilibrato,22.0,0.0,0.0,0.05714285714285714,26.0,0.9756109800648459,0.5789473684210527,0.0,0.6134999999999999,0.0,0.553,0.0,5.88,False,0.14,0.0079,0.0,MEZZALA_ATT,MEZZALA_ATT,0.1168,0.218,6.723,0,0.0,0.0,6.880899060447907
C,Boloca,2,5.98,5,0.12,0.15,0.15,0.1,0.053,0,0,0,0.0,equilibrato,22.0,0.0,0.0,0.05714285714285714,26.0,0.9756109800648459,0.5789473684210527,0.0,0.61,0.0,0.053,0.0,5.98,False,0.14,0.0079,0.0,MEZZALA_ATT,MEZZALA_ATT,0.2294,0.2856,7.082,0,0.0,0.0,7.159436939435607
C,Lipani,2,5.53,5,0.12,0.048,0.143,0.1,0.553,0,0,0,0.0,equilibrato,22.0,0.0,0.0,0.05714285714285714,26.0,0.9756109800648459,0.5789473684210527,0.0,0.4605,0.0,0.553,0.0,5.53,False,0.14,-0.0063,0.0,MEZZALA_ATT,MEZZALA_ATT,-0.1511,0.043,5.695,0,0.0,0.0,6.133958228613178
C,Chakvetadze,2,5.67,6,0.12,0.15,0.15,0.1,0.7,1,0,0,0.0,equilibrato,22.0,0.0,0.0,0.05714285714285714,26.0,0.9756109800648459,0.5789473684210527,0.0,0.61,-0.1,0.7,0.0,5.67,False,0.14,0.0079,0.0,MEZZALA_ATT,MEZZALA_ATT,0.0316,0.1669,6.301,0,0.0,0.0,6.608477077982385
C,Duncan,2,5.8,4,0.12,0.15,0.15,0.1,0.7,0,0,0,0.0,equilibrato,22.0,0.0,0.0,0.05714285714285714,26.0,0.9756109800648459,0.5789473684210527,0.0,0.61,0.0,0.7,0.0,5.8,False,0.14,0.0079,0.0,MEZZALA_ATT,MEZZALA_ATT,0.0316,0.1669,6.441,0,0.0,0.0,6.6680368620894015
C,Liteta,1,5.88,1,0.12,0.15,0.15,0.1,0.105,0,0,0,0.0,equilibrato,22.0,0.0,0.0,0.02857142857142857,26.0,0.9756109800648459,0.5789473684210527,0.0,0.61,0.0,0.105,0.0,5.88,False,0.14,0.0079,0.0,MEZZALA_ATT,MEZZALA_ATT,0.2115,0.2748,6.926,0,0.0,0.0,8.315626228726655
C,Lahdo,1,5.72,1,0.12,0.15,0.15,0.1,0.7,0,0,0,0.0,equilibrato,22.0,0.0,0.0,0.02857142857142857,26.0,0.9756109800648459,0.5789473684210527,0.0,0.61,0.0,0.7,0.0,5.72,False,0.14,0.0079,0.0,MEZZALA_ATT,MEZZALA_ATT,0.0316,0.1669,6.361,0,0.0,0.0,7.781354920303702
C,El Azzouzi A.,1,6.21,3,0.12,0.15,0.15,0.1,0.7,1,1,0,0.0,equilibrato,22.0,0.0,0.0,0.02857142857142857,26.0,0.9756109800648459,0.5789473684210527,0.0,0.61,0.5,0.7,0.0,6.21,False,0.14,0.0079,0.0,MEZZALA_ATT,MEZZALA_ATT,0.0316,0.1669,6.896,0,0.0,0.0,8.29856292517895
C,Kone B.,1,5.96,3,0.12,0.25,0.083,0.1,0.316,1,0,0,0.05,pressing,22.0,0.0,0.0,0.02857142857142857,26.0,0.9756109800648459,0.5789473684210527,0.0,0.7935,-0.08,0.316,0.0,5.96,False,0.14,0.0219,0.0,MEZZALA_ATT,MEZZALA_ATT,0.2473,0.3103,7.149,0,0.0,0.0,8.516516046738444
C,Belahyane,1,5.94,5,0.12,0.182,0.091,0.1,0.289,0,0,0,0.0,equilibrato,22.0,0.0,0.0,0.02857142857142857,26.0,0.9756109800648459,0.5789473684210527,0.0,0.6875,0.0,0.289,0.0,5.94,False,0.14,0.0124,0.0,MEZZALA_ATT,MEZZALA_ATT,0.2005,0.2727,6.988,0,0.0,0.0,8.349071492357242
C,Przyborek,1,5.72,5,0.12,0.15,0.15,0.1,0.7,0,0,0,0.0,equilibrato,22.0,0.0,0.0,0.02857142857142857,26.0,0.9756109800648459,0.5789473684210527,0.0,0.61,0.0,0.7,0.0,5.72,False,0.14,0.0079,0.0,MEZZALA_ATT,MEZZALA_ATT,0.0316,0.1669,6.361,0,0.0,0.0,7.781354920303702
C,Gorter,1,5.81,3,0.12,0.15,0.15,0.1,0.026,1,0,0,0.0,contropiede,22.0,0.0,0.0,0.02857142857142857,26.0,0.9756109800648459,0.5789473684210527,0.0,0.61,-0.1,0.026,0.0,5.81,False,0.14,0.0079,0.0,MEZZALA_ATT,MEZZALA_ATT,0.2294,0.2856,6.876,0,0.0,0.0,8.305799301388896
C,Kaba,1,5.87,2,0.12,0.15,0.091,0.1,0.289,0,0,0,0.0,equilibrato,22.0,0.0,0.0,0.02857142857142857,26.0,0.9756109800648459,0.5789473684210527,0.0,0.6395,0.0,0.289,0.0,5.87,False,0.14,0.0079,0.0,MEZZALA_ATT,MEZZALA_ATT,0.1799,0.2559,6.844,0,0.0,0.0,8.231400924097887
C,Fofana Sa.,1,5.9,1,0.12,0.15,0.15,0.1,0.053,0,0,0,0.0,equilibrato,22.0,0.0,0.0,0.02857142857142857,26.0,0.9756109800648459,0.5789473684210527,0.0,0.61,0.0,0.053,0.0,5.9,False,0.14,0.0079,0.0,MEZZALA_ATT,MEZZALA_ATT,0.2294,0.2856,6.987,0,0.0,0.0,8.372788792884954
C,Cremaschi,1,6.4,3,0.12,0.15,0.15,0.1,0.026,1,1,0,0.0,equilibrato,22.0,0.0,0.0,0.02857142857142857,26.0,0.9756109800648459,0.5789473684210527,0.0,0.61,0.5,0.026,0.0,6.4,False,0.14,0.0079,0.0,MEZZALA_ATT,MEZZALA_ATT,0.2294,0.2856,7.572,0,0.0,0.0,8.929475630000002
C,Iannoni,1,5.82,1,0.12,0.15,0.6,0.1,0.132,0,0,0,0.0,equilibrato,22.0,0.0,0.0,0.02857142857142857,26.0,0.9756109800648459,0.5789473684210527,0.0,0.38499999999999995,0.0,0.132,0.0,5.82,False,0.14,0.0079,0.0,MEZZALA_ATT,MEZZALA_ATT,0.206,0.2715,6.842,0,0.0,0.0,8.258626574692338
C,Ilic,1,5.85,4,0.12,0.15,0.25,0.1,0.211,0,0,0,0.0,equilibrato,22.0,0.0,0.0,0.02857142857142857,26.0,0.9756109800648459,0.5789473684210527,0.0,0.5599999999999999,0.0,0.211,0.0,5.85,False,0.14,0.0079,0.0,MEZZALA_ATT,MEZZALA_ATT,0.1964,0.2658,6.855,0,0.0,0.0,8.256572079220629
C,Anjorin,1,5.3,4,0.12,0.15,0.111,0.1,0.237,1,-1,0,0.1,possesso,22.0,0.0,0.0,0.02857142857142857,26.0,0.9756109800648459,0.5789473684210527,0.0,0.6295,-0.6599999999999999,0.237,0.0,5.3,False,0.14,0.0079,0.0,MEZZALA_ATT,MEZZALA_ATT,0.1909,0.2625,6.202,0,0.0,0.0,7.857251413304638
C,Camara A.,1,5.72,3,0.12,0.15,0.15,0.1,0.7,0,0,0,0.0,equilibrato,22.0,0.0,0.0,0.02857142857142857,26.0,0.9756109800648459,0.5789473684210527,0.0,0.61,0.0,0.7,0.0,5.72,False,0.14,0.0079,0.0,MEZZALA_ATT,MEZZALA_ATT,0.0316,0.1669,6.361,0,0.0,0.0,7.781354920303702
C,Zarraga,1,5.86,4,0.12,0.15,0.2,0.1,0.263,0,0,0,0.0,equilibrato,22.0,0.0,0.0,0.02857142857142857,26.0,0.9756109800648459,0.5789473684210527,0.0,0.585,0.0,0.263,0.0,5.86,False,0.14,0.0079,0.0,MEZZALA_ATT,MEZZALA_ATT,0.1854,0.2592,6.845,0,0.0,0.0,8.238164221324135
C,Dagasso,1,5.72,1,0.12,0.15,0.15,0.1,0.7,0,0,0,0.0,equilibrato,22.0,0.0,0.0,0.02857142857142857,26.0,0.9756109800648459,0.5789473684210527,0.0,0.61,0.0,0.7,0.0,5.72,False,0.14,0.0079,0.0,MEZZALA_ATT,MEZZALA_ATT,0.0316,0.1669,6.361,0,0.0,0.0,7.781354920303702
C,Forson O.,1,5.9,1,0.12,0.15,0.15,0.1,0.026,0,0,0,0.0,equilibrato,22.0,0.0,0.0,0.02857142857142857,26.0,0.9756109800648459,0.5789473684210527,0.0,0.61,0.0,0.026,0.0,5.9,False,0.14,0.0079,0.0,MEZZALA_ATT,MEZZALA_ATT,0.2294,0.2856,6.987,0,0.0,0.0,8.372788792884954
C,Laerke,1,5.72,1,0.12,0.15,0.15,0.1,0.7,0,0,0,0.0,equilibrato,22.0,0.0,0.0,0.02857142857142857,26.0,0.9756109800648459,0.5789473684210527,0.0,0.61,0.0,0.7,0.0,5.72,False,0.14,0.0079,0.0,MEZZALA_ATT,MEZZALA_ATT,0.0316,0.1669,6.361,0,0.0,0.0,7.781354920303702
C,Comotto,1,5.72,1,0.12,0.15,0.15,0.1,0.7,0,0,0,0.0,equilibrato,22.0,0.0,0.0,0.02857142857142857,26.0,0.9756109800648459,0.5789473684210527,0.0,0.61,0.0,0.7,0.0,5.72,False,0.14,0.0079,0.0,MEZZALA_ATT,MEZZALA_ATT,0.0316,0.1669,6.361,0,0.0,0.0,7.781354920303702
A,Martinez L.,35,8.35,370,0.35,0.2,0.133,0.3,0.789,0,0,0,0.0,equilibrato,20.0,0.0,0.0,1.0,26.0,0.9756109800648459,0.5263157894736842,0.0,1.5835,0.0,0.789,0.0,8.35,False,0.0,0.028,0.0,A,SECONDA_PUNTA,-0.0455,0.0007,8.356,0,0.0,0.0,6.16062092625
A,Malen,34,7.96,365,0.35,0.111,0.056,0.3,0.474,1,-1,0,0.0,equilibrato,20.0,0.0,0.0,0.9714285714285714,26.0,0.9756109800648459,0.5263157894736842,0.0,1.4885,-0.7,0.474,0.0,7.96,False,0.0,0.0195,0.0,A,ALA_ATT,0.1136,0.0877,8.442,0,0.0,0.0,6.355255423098411
A,Thuram,29,8.3,280,0.35,0.207,0.069,0.3,0.763,0,0,0,0.0,equilibrato,20.0,0.0,0.0,0.8285714285714286,26.0,0.9756109800648459,0.5263157894736842,0.0,1.626,0.0,0.763,0.0,8.3,False,0.0,0.0287,0.0,A,SECONDA_PUNTA,0.0795,0.0764,8.734,0,0.0,0.0,6.435729160771745
A,Hojlund,28,7.8,271,0.35,0.152,0.03,0.3,0.868,0,0,0,0.0,equilibrato,20.0,0.0,0.0,0.8,26.0,0.9756109800648459,0.5263157894736842,0.0,1.563,0.0,0.868,0.0,7.8,False,0.0,0.0235,0.0,A,SECONDA_PUNTA,-0.1534,-0.0686,7.414,0,0.0,0.0,5.822169402103271
A,Ramos G.,27,7.44,232,0.35,0.15,0.136,0.3,0.579,1,-1,0,0.0,equilibrato,20.0,0.0,0.0,0.7714285714285715,26.0,0.9756109800648459,0.5263157894736842,0.0,1.507,-0.7,0.579,0.0,7.44,False,0.0,0.0233,0.0,A,SECONDA_PUNTA,0.0938,0.0795,7.845,0,0.0,0.0,6.223977066465696
A,Kolo Muani,26,7.27,225,0.35,0.15,0.1,0.3,0.65,1,-1,0,0.0,equilibrato,20.0,0.0,0.0,0.7428571428571429,26.0,0.9756109800648459,0.5263157894736842,0.0,1.525,-0.7,0.65,0.0,7.27,False,0.0,0.0233,0.0,A,SECONDA_PUNTA,0.0227,0.0369,7.459,0,0.0,0.0,6.045994692110475
A,Kean,25,7.36,200,0.35,0.038,0.154,0.3,0.684,0,0,0,0.0,equilibrato,20.0,0.0,0.0,0.7142857142857143,26.0,0.9756109800648459,0.5263157894736842,0.0,1.3299999999999998,0.0,0.684,0.0,7.36,False,0.0,0.0126,0.0,A,ALA_ATT,-0.196,-0.105,6.803,0,0.0,0.0,5.610862016296502
A,Yildiz,23,7.46,192,0.35,0.171,0.057,0.3,0.921,0,0,0,0.0,equilibrato,20.0,0.0,0.0,0.6571428571428571,26.0,0.9756109800648459,0.5263157894736842,0.0,1.5779999999999998,0.0,0.921,0.0,7.46,False,0.0,0.0253,0.0,A,SECONDA_PUNTA,-0.1477,-0.0634,7.119,0,0.0,0.0,5.78417370940173
A,Douvikas,20,6.98,157,0.35,0.028,0.1,0.3,0.947,0,0,0,0.0,equilibrato,20.0,0.0,0.0,0.5714285714285714,26.0,0.9756109800648459,0.5263157894736842,0.0,1.3419999999999999,0.0,0.947,0.0,6.98,False,0.0,0.0116,0.0,A,ALA_ATT,-0.2386,-0.1316,6.307,0,0.0,0.0,5.462409637782633
A,Scamacca,19,7.06,131,0.35,0.045,0.091,0.3,0.579,0,0,0,0.0,equilibrato,20.0,0.0,0.0,0.5428571428571428,26.0,0.9756109800648459,0.5263157894736842,0.0,1.3719999999999997,0.0,0.579,0.0,7.06,False,0.0,0.0132,0.0,A,ALA_ATT,-0.142,-0.072,6.696,0,0.0,0.0,5.685020198107387
A,Davis K.,19,7.17,122,0.35,0.133,0.167,0.3,0.789,0,0,0,0.0,equilibrato,20.0,0.0,0.0,0.5428571428571428,26.0,0.9756109800648459,0.5263157894736842,0.0,1.466,0.0,0.789,0.0,7.17,False,0.0,0.0216,0.0,A,ALA_ATT,-0.0909,-0.0329,7.005,0,0.0,0.0,5.8418821768549005
A,Krstovic,18,7.07,95,0.35,0.156,0.125,0.3,0.842,0,0,0,0.0,equilibrato,20.0,0.0,0.0,0.5142857142857142,26.0,0.9756109800648459,0.5263157894736842,0.0,1.5214999999999999,0.0,0.842,0.0,7.07,False,0.0,0.0238,0.0,A,SECONDA_PUNTA,-0.1278,-0.0528,6.805,0,0.0,0.0,5.759512626115491
A,Leao,18,7.07,120,0.35,0.107,0.179,0.3,0.737,0,0,0,0.0,equilibrato,20.0,0.0,0.0,0.5142857142857142,26.0,0.9756109800648459,0.5263157894736842,0.0,1.421,0.0,0.737,0.0,7.07,False,0.0,0.0191,0.0,A,ALA_ATT,-0.1136,-0.049,6.824,0,0.0,0.0,5.77164986393493
A,Berardi,18,7.59,115,0.35,0.154,0.077,0.3,0.684,1,1,0,0.0,equilibrato,20.0,0.0,0.0,0.5142857142857142,26.0,0.9756109800648459,0.5263157894736842,0.0,1.5424999999999998,0.5,0.684,0.0,7.59,False,0.0,0.0236,0.0,A,SECONDA_PUNTA,-0.0568,-0.0104,7.537,0,0.0,0.0,6.112106447803407
A,De Ketelaere,17,7.06,106,0.35,0.161,0.129,0.3,0.816,0,0,0,0.0,equilibrato,20.0,0.0,0.0,0.4857142857142857,26.0,0.9756109800648459,0.5263157894736842,0.0,1.527,0.0,0.816,0.0,7.06,False,0.0,0.0243,0.0,A,SECONDA_PUNTA,-0.0966,-0.0336,6.887,0,0.0,0.0,5.827658876701252
A,Dovbyk,16,7.8,73,0.35,0.077,0.1,0.3,0.88,1,-1,1,0.1,pressing,20.0,0.0,0.0,0.45714285714285713,26.0,0.9756109800648459,0.5263157894736842,0.0,1.4154999999999998,-0.8599999999999999,0.342,0.0,7.8,False,0.0,0.0163,0.0,A,ALA_ATT,0.1307,0.0947,6.852,1,0.0,0.0,6.4692486740895125
A,Esposito F.P.,16,6.29,93,0.35,0.097,0.032,0.3,0.816,1,-1,0,0.1,contropiede,20.0,0.0,0.0,0.45714285714285713,26.0,0.9756109800648459,0.5263157894736842,0.0,1.4794999999999998,-0.6599999999999999,0.816,0.0,6.29,False,0.0,0.0182,0.0,A,ALA_ATT,-0.1705,-0.0841,5.913,0,0.0,0.0,5.477148552112125
A,Pellegrino M.,15,7.22,60,0.35,0.15,0.135,0.3,0.974,1,1,0,0.1,possesso,20.0,0.0,0.0,0.42857142857142855,26.0,0.9756109800648459,0.5263157894736842,0.0,1.5074999999999998,0.54,0.974,0.0,7.22,False,0.0,0.0233,0.0,A,SECONDA_PUNTA,-0.1875,-0.0892,6.752,0,0.0,0.0,5.794056171014953
A,Laurientè,15,7.03,88,0.35,0.243,0.108,0.3,0.974,0,0,0,0.0,equilibrato,20.0,0.0,0.0,0.42857142857142855,26.0,0.9756109800648459,0.5263157894736842,0.0,1.6604999999999999,0.0,0.974,0.0,7.03,False,0.0,0.0321,0.0,A,SECONDA_PUNTA,-0.0739,-0.0122,6.97,0,0.0,0.0,5.9133242132991555
A,Simeone,15,6.29,82,0.35,0.15,0.031,0.3,0.842,1,-1,0,0.05,equilibrato,20.0,0.0,0.0,0.42857142857142855,26.0,0.9756109800648459,0.5263157894736842,0.0,1.5594999999999999,-0.6799999999999999,0.842,0.0,6.29,False,0.0,0.0233,0.0,A,SECONDA_PUNTA,-0.1364,-0.0586,6.031,0,0.0,0.0,5.5682184397851096
A,Santos A.,14,6.58,57,0.35,0.15,0.077,0.3,0.342,1,-1,0,0.0,equilibrato,20.0,0.0,0.0,0.4,26.0,0.9756109800648459,0.5263157894736842,0.0,1.5365,-0.7,0.342,0.0,6.58,False,0.0,0.0233,0.0,A,SECONDA_PUNTA,0.1847,0.1341,7.173,0,0.0,0.0,6.274589459474013
A,Dybala,14,7.74,67,0.35,0.333,0.1,0.3,0.553,0,0,0,0.0,equilibrato,20.0,0.0,0.0,0.4,31.0,0.6736384553447268,0.5263157894736842,0.0,1.7994999999999999,0.0,0.553,0.0,7.74,False,0.2,0.0408,0.0,TREQUARTISTA,SECONDA_PUNTA,0.1989,0.3601,9.5,0,0.0,0.0,7.379747027903396
A,Castro S.,14,6.02,81,0.35,0.029,0.086,0.3,0.921,1,-1,0,0.1,pressing,20.0,0.0,0.0,0.4,26.0,0.9756109800648459,0.5263157894736842,0.0,1.3505,-0.6599999999999999,0.921,0.0,6.02,False,0.0,0.0117,0.0,A,ALA_ATT,-0.233,-0.1281,5.459,0,0.0,0.0,5.2903763702217415
A,Raspadori,13,6.98,62,0.35,0.077,0.1,0.3,0.342,0,0,0,0.0,equilibrato,20.0,0.0,0.0,0.37142857142857144,26.0,0.9756109800648459,0.5263157894736842,0.0,1.4154999999999998,0.0,0.342,0.0,6.98,False,0.0,0.0163,0.0,A,ALA_ATT,0.1307,0.0947,7.424,0,0.0,0.0,6.276845303632811
A,Esposito Se.,13,6.04,40,0.35,0.111,0.167,0.3,0.947,1,-1,0,0.1,contropiede,20.0,0.0,0.0,0.37142857142857144,26.0,0.9756109800648459,0.5263157894736842,0.0,1.433,-0.6599999999999999,0.947,0.0,6.04,False,0.0,0.0195,0.0,A,ALA_ATT,-0.2102,-0.1066,5.575,0,0.0,0.0,5.375094493929688
A,Nkunku,13,6.75,25,0.35,0.115,0.1,0.3,0.684,0,0,0,0.0,equilibrato,20.0,0.0,0.0,0.37142857142857144,26.0,0.9756109800648459,0.5263157894736842,0.0,1.4725,0.0,0.684,0.0,6.75,False,0.0,0.0199,0.0,A,ALA_ATT,-0.0795,-0.0278,6.618,0,0.0,0.0,5.814160714150168
A,Pinamonti,13,6.56,55,0.35,0.088,0.059,0.3,0.895,0,0,0,0.0,equilibrato,20.0,0.0,0.0,0.37142857142857144,26.0,0.9756109800648459,0.5263157894736842,0.0,1.4525,0.0,0.895,0.0,6.56,False,0.0,0.0173,0.0,A,ALA_ATT,-0.2216,-0.1156,6.01,0,0.0,0.0,5.480276333092907
A,Kevin Carlos,13,7.04,47,0.35,0.15,0.32,0.3,0.658,1,1,1,0.0,equilibrato,20.0,0.0,0.0,0.37142857142857144,26.0,0.9756109800648459,0.5263157894736842,0.0,1.415,0.3,0.658,0.0,7.04,False,0.0,0.0233,0.0,A,SECONDA_PUNTA,-0.0369,0.0011,7.049,0,0.0,0.0,6.086679655776306
A,Soulè,12,6.68,53,0.35,0.156,0.031,0.3,0.842,0,0,0,0.0,equilibrato,20.0,0.0,0.0,0.34285714285714286,26.0,0.9756109800648459,0.5263157894736842,0.0,1.5684999999999998,0.0,0.842,0.0,6.68,False,0.0,0.0238,0.0,A,SECONDA_PUNTA,-0.1278,-0.0528,6.428,0,0.0,0.0,5.729681539662857
A,Adams A.,12,7.15,51,0.35,0.15,0.1,0.3,0.8,1,1,0,0.0,equilibrato,20.0,0.0,0.0,0.34285714285714286,26.0,0.9756109800648459,0.5263157894736842,0.0,1.525,0.5,0.65,0.0,7.15,False,0.0,0.0233,0.0,A,SECONDA_PUNTA,0.0227,0.0369,7.464,1,0.0,0.0,6.2582847282492695
A,Diao,11,6.74,50,0.35,0.062,0.125,0.3,0.421,0,0,0,0.0,equilibrato,20.0,0.0,0.0,0.3142857142857143,26.0,0.9756109800648459,0.5263157894736842,0.0,1.3804999999999998,0.0,0.421,0.0,6.74,False,0.0,0.0148,0.0,A,ALA_ATT,0.0852,0.066,7.05,0,0.0,0.0,6.153470317982465
A,Colombo,11,5.78,63,0.35,0.027,0.054,0.3,0.974,1,-1,0,0.05,equilibrato,20.0,0.0,0.0,0.3142857142857143,24.0,0.8007374029168081,0.5263157894736842,0.0,1.3635,-0.6799999999999999,0.974,0.0,5.78,False,0.0,0.0115,0.0,A,ALA_ATT,-0.2443,-0.1351,5.209,0,0.0,0.0,5.24773428937716
A,Tourè E.,11,6.71,43,0.35,0.15,0.1,0.3,0.65,0,0,0,0.0,equilibrato,20.0,0.0,0.0,0.3142857142857143,26.0,0.9756109800648459,0.5263157894736842,0.0,1.525,0.0,0.65,0.0,6.71,False,0.0,0.0233,0.0,A,SECONDA_PUNTA,0.0227,0.0369,6.886,0,0.0,0.0,6.04962756145795
A,Dia,10,5.9,31,0.35,0.08,0.04,0.3,0.658,1,-1,0,0.05,contropiede,20.0,0.0,0.0,0.2857142857142857,26.0,0.9756109800648459,0.5263157894736842,0.0,1.45,-0.6799999999999999,0.658,0.0,5.9,False,0.0,0.0166,0.0,A,ALA_ATT,-0.1193,-0.055,5.668,0,0.0,0.0,5.548739219291452
A,Ratkov,10,6.92,32,0.35,0.15,0.1,0.3,0.184,0,0,0,0.0,equilibrato,20.0,0.0,0.0,0.2857142857142857,26.0,0.9756109800648459,0.5263157894736842,0.0,1.525,0.0,0.184,0.0,6.92,False,0.0,0.0233,0.0,A,SECONDA_PUNTA,0.2244,0.1579,7.651,0,0.0,0.0,6.531153502024695
A,Bowie,10,6.6,39,0.35,0.15,0.071,0.3,0.368,1,0,1,0.05,pressing,20.0,0.0,0.0,0.2857142857142857,26.0,0.9756109800648459,0.5263157894736842,0.0,1.5394999999999999,-0.28,0.368,0.0,6.6,False,0.0,0.0233,0.0,A,SECONDA_PUNTA,0.1619,0.1204,7.141,0,0.0,0.0,6.312146723879581
A,Romero D.,10,7.13,38,0.35,0.15,0.1,0.3,0.65,1,1,0,0.0,equilibrato,20.0,0.0,0.0,0.2857142857142857,26.0,0.9756109800648459,0.5263157894736842,0.0,1.525,0.5,0.65,0.0,7.13,False,0.0,0.0233,0.0,A,SECONDA_PUNTA,0.0227,0.0369,7.314,0,0.0,0.0,6.30571631983207
A,Ghedjemis,9,6.62,30,0.35,0.15,0.1,0.3,0.65,0,0,0,0.0,equilibrato,20.0,0.0,0.0,0.2571428571428571,26.0,0.9756109800648459,0.5263157894736842,0.0,1.525,0.0,0.65,0.0,6.62,False,0.0,0.0233,0.0,A,SECONDA_PUNTA,0.0227,0.0369,6.784,0,0.0,0.0,6.069602914465144
A,David,9,5.54,40,0.35,0.067,0.1,0.3,0.789,1,-1,1,0.0,equilibrato,20.0,0.0,0.0,0.2571428571428571,26.0,0.9756109800648459,0.5263157894736842,0.0,1.4004999999999999,-0.8999999999999999,0.789,0.0,5.54,False,0.0,0.0153,0.0,A,ALA_ATT,-0.2045,-0.1074,5.108,0,0.0,0.0,5.308921056073589
A,Geubbels,9,7.03,25,0.35,0.15,0.1,0.3,0.65,1,1,0,0.0,equilibrato,20.0,0.0,0.0,0.2571428571428571,26.0,0.9756109800648459,0.5263157894736842,0.0,1.525,0.5,0.65,0.0,7.03,False,0.0,0.0233,0.0,A,SECONDA_PUNTA,0.0227,0.0369,7.207,0,0.0,0.0,6.308072886856812
A,Cutrone,9,6.7,33,0.35,0.15,0.1,0.3,0.368,1,0,0,0.05,equilibrato,20.0,0.0,0.0,0.2571428571428571,26.0,0.9756109800648459,0.5263157894736842,0.0,1.525,-0.08,0.368,0.0,6.7,False,0.0,0.0233,0.0,A,SECONDA_PUNTA,0.1619,0.1204,7.245,0,0.0,0.0,6.368610364289513
A,Adams C.,9,7.15,32,0.35,0.094,0.1,0.3,0.8,1,1,0,0.0,equilibrato,20.0,0.0,0.0,0.2571428571428571,26.0,0.9756109800648459,0.5263157894736842,0.0,1.4409999999999998,0.5,0.842,0.0,7.15,False,0.0,0.0179,0.0,A,ALA_ATT,-0.1818,-0.0912,6.314,1,0.0,0.0,5.9054737563107444
A,Piccoli,8,5.96,31,0.35,0.037,0.037,0.3,0.711,1,0,1,0.1,possesso,20.0,0.0,0.0,0.22857142857142856,26.0,0.9756109800648459,0.5263157894736842,0.0,1.3869999999999998,-0.26,0.711,0.0,5.96,False,0.0,0.0125,0.0,A,ALA_ATT,-0.2159,-0.1171,5.457,0,0.0,0.0,5.419044238791761
A,Vitinha O.,8,6.14,20,0.35,0.032,0.161,0.3,0.816,0,0,0,0.0,equilibrato,20.0,0.0,0.0,0.22857142857142856,26.0,0.9756109800648459,0.5263157894736842,0.0,1.3175,0.0,0.816,0.0,6.14,False,0.0,0.012,0.0,A,ALA_ATT,-0.2273,-0.1244,5.587,0,0.0,0.0,5.443994247063379
A,Yeboah J.,8,6.24,28,0.35,0.097,0.194,0.3,0.816,0,0,0,0.0,equilibrato,20.0,0.0,0.0,0.22857142857142856,26.0,0.9756109800648459,0.5263157894736842,0.0,1.3984999999999999,0.0,0.816,0.0,6.24,False,0.0,0.0182,0.0,A,ALA_ATT,-0.1705,-0.0841,5.864,0,0.0,0.0,5.6002666284498295
A,Rrahmani Al.,8,6.96,20,0.35,0.15,0.1,0.3,0.65,1,1,0,0.0,equilibrato,20.0,0.0,0.0,0.22857142857142856,26.0,0.9756109800648459,0.5263157894736842,0.0,1.525,0.5,0.65,0.0,6.96,False,0.0,0.0233,0.0,A,SECONDA_PUNTA,0.0227,0.0369,7.136,0,0.0,0.0,6.325855912639438
A,Raimondo,7,6.47,24,0.35,0.15,0.1,0.3,0.65,0,0,0,0.0,equilibrato,20.0,0.0,0.0,0.2,26.0,0.9756109800648459,0.5263157894736842,0.0,1.525,0.0,0.65,0.0,6.47,False,0.0,0.0233,0.0,A,SECONDA_PUNTA,0.0227,0.0369,6.636,0,0.0,0.0,6.0987687008602105
A,Bonny,7,6.38,21,0.35,0.148,0.037,0.3,0.711,0,0,0,0.0,equilibrato,20.0,0.0,0.0,0.2,26.0,0.9756109800648459,0.5263157894736842,0.0,1.5534999999999999,0.0,0.711,0.0,6.38,False,0.0,0.0231,0.0,A,ALA_ATT,-0.0511,-0.0076,6.343,0,0.0,0.0,5.9248877261930835
A,Stulic,7,6.33,18,0.35,0.15,0.033,0.3,0.789,0,0,0,0.0,equilibrato,20.0,0.0,0.0,0.2,26.0,0.9756109800648459,0.5263157894736842,0.0,1.5585,0.0,0.789,0.0,6.33,False,0.0,0.0233,0.0,A,SECONDA_PUNTA,-0.1023,-0.0381,6.155,0,0.0,0.0,5.810367533754367
A,Zapata D.,7,6.18,18,0.35,0.043,0.1,0.3,0.605,0,0,0,0.0,equilibrato,20.0,0.0,0.0,0.2,26.0,0.9756109800648459,0.5263157894736842,0.0,1.3644999999999998,0.0,0.605,0.0,6.18,False,0.0,0.013,0.0,A,ALA_ATT,-0.1591,-0.0824,5.812,0,0.0,0.0,5.623852530712563
A,Sulemana K.,6,6.43,16,0.35,0.048,0.19,0.3,0.553,1,1,1,0.15,pressing,20.0,0.0,0.0,0.17142857142857143,26.0,0.9756109800648459,0.5263157894736842,0.0,1.327,0.35999999999999993,0.553,0.0,6.43,False,0.0,0.0135,0.0,A,ALA_ATT,-0.108,-0.0513,6.199,0,0.0,0.0,5.972936391769526
A,Mutandwa,6,6.37,15,0.35,0.15,0.1,0.3,0.65,0,0,0,0.0,equilibrato,20.0,0.0,0.0,0.17142857142857143,26.0,0.9756109800648459,0.5263157894736842,0.0,1.525,0.0,0.65,0.0,6.37,False,0.0,0.0233,0.0,A,SECONDA_PUNTA,0.0227,0.0369,6.53,0,0.0,0.0,6.11890309436054
A,Boga,6,5.79,25,0.35,0.077,0.077,0.3,0.342,1,-1,0,0.0,equilibrato,20.0,0.0,0.0,0.17142857142857143,26.0,0.9756109800648459,0.5263157894736842,0.0,1.4269999999999998,-0.7,0.342,0.0,5.79,False,0.0,0.0163,0.0,A,ALA_ATT,0.1307,0.0947,6.164,0,0.0,0.0,6.12615745386692
A,Noslin,6,7.0,17,0.35,0.087,0.174,0.3,0.72,0,0,0,0.0,equilibrato,20.0,0.0,0.0,0.17142857142857143,26.0,0.9756109800648459,0.5263157894736842,0.0,1.3935,0.0,0.605,0.0,7.0,False,0.0,0.0172,0.0,A,ALA_ATT,-0.0852,-0.0339,6.038,1,0.0,0.0,6.072745584154922
A,Gimenez,6,6.4,14,0.35,0.067,0.133,0.3,0.395,0,0,0,0.0,equilibrato,20.0,0.0,0.0,0.17142857142857143,26.0,0.9756109800648459,0.5263157894736842,0.0,1.384,0.0,0.395,0.0,6.4,False,0.0,0.0153,0.0,A,ALA_ATT,0.108,0.0801,6.756,0,0.0,0.0,6.2730668208980465
A,Neres,6,7.45,22,0.35,0.188,0.188,0.3,0.75,0,0,0,0.0,equilibrato,20.0,0.0,0.0,0.17142857142857143,26.0,0.9756109800648459,0.5263157894736842,0.0,1.5379999999999998,0.0,0.421,0.0,7.45,False,0.0,0.0269,0.0,A,SECONDA_PUNTA,0.1705,0.1292,7.149,1,0.0,0.0,6.773460860020625
A,Maldini,5,5.43,22,0.35,0.056,0.056,0.3,0.474,1,-1,1,0.1,contropiede,20.0,0.0,0.0,0.14285714285714285,26.0,0.9756109800648459,0.5263157894736842,0.0,1.406,-0.8599999999999999,0.474,0.0,5.43,False,0.0,0.0143,0.0,A,ALA_ATT,-0.0625,-0.0232,5.338,0,0.0,0.0,5.698492027552101
A,Camarda,5,7.61,20,0.35,0.15,0.056,0.3,0.474,1,1,1,0.1,pressing,20.0,0.0,0.0,0.14285714285714285,18.0,0.1353352832366127,0.5263157894736842,0.0,1.547,0.34,0.474,0.0,7.61,False,0.0,0.0233,0.4,A,SECONDA_PUNTA,0.1932,0.5392,10.08,0,0.0,0.0,8.541438962650888
A,Mota,5,6.32,18,0.35,0.15,0.1,0.3,0.65,0,0,0,0.0,equilibrato,20.0,0.0,0.0,0.14285714285714285,26.0,0.9756109800648459,0.5263157894736842,0.0,1.525,0.0,0.65,0.0,6.32,False,0.0,0.0233,0.0,A,SECONDA_PUNTA,0.0227,0.0369,6.48,0,0.0,0.0,6.173725756281735
A,Frigan,5,6.32,13,0.35,0.15,0.1,0.3,0.65,0,0,0,0.0,equilibrato,20.0,0.0,0.0,0.14285714285714285,26.0,0.9756109800648459,0.5263157894736842,0.0,1.525,0.0,0.65,0.0,6.32,False,0.0,0.0233,0.0,A,SECONDA_PUNTA,0.0227,0.0369,6.48,0,0.0,0.0,6.173725756281735
A,Adorante,5,6.32,14,0.35,0.15,0.1,0.3,0.65,0,0,0,0.0,equilibrato,20.0,0.0,0.0,0.14285714285714285,26.0,0.9756109800648459,0.5263157894736842,0.0,1.525,0.0,0.65,0.0,6.32,False,0.0,0.0233,0.0,A,SECONDA_PUNTA,0.0227,0.0369,6.48,0,0.0,0.0,6.173725756281735
A,Milik,5,6.55,13,0.35,0.15,0.1,0.3,0.053,0,0,0,0.0,equilibrato,20.0,0.0,0.0,0.14285714285714285,26.0,0.9756109800648459,0.5263157894736842,0.0,1.525,0.0,0.053,0.0,6.55,False,0.0,0.0233,0.0,A,SECONDA_PUNTA,0.2443,0.1698,7.295,0,0.0,0.0,6.696321727067571
A,Borrelli,4,5.92,9,0.35,0.038,0.154,0.3,0.684,0,0,0,0.0,equilibrato,20.0,0.0,0.0,0.11428571428571428,26.0,0.9756109800648459,0.5263157894736842,0.0,1.3299999999999998,0.0,0.684,0.0,5.92,False,0.0,0.0126,0.0,A,ALA_ATT,-0.196,-0.105,5.465,0,0.0,0.0,5.672163556262102
A,Mendy P.,4,6.45,9,0.35,0.15,0.125,0.3,0.211,0,0,0,0.0,equilibrato,20.0,0.0,0.0,0.11428571428571428,26.0,0.9756109800648459,0.5263157894736842,0.0,1.5125,0.0,0.211,0.0,6.45,False,0.0,0.0233,0.0,A,SECONDA_PUNTA,0.2159,0.1528,7.11,0,0.0,0.0,6.716390138809858
A,Morata,4,7.6,10,0.35,0.15,0.118,0.3,0.85,1,1,0,0.1,pressing,20.0,0.0,0.0,0.11428571428571428,31.0,0.6736384553447268,0.5263157894736842,0.0,1.516,0.54,0.447,0.0,7.6,False,0.0,0.0233,0.0,A,SECONDA_PUNTA,0.1449,0.1102,7.355,1,0.0,0.0,7.117992418294778
A,Kvernadze,4,6.25,15,0.35,0.15,0.1,0.3,0.65,0,0,0,0.0,equilibrato,20.0,0.0,0.0,0.11428571428571428,26.0,0.9756109800648459,0.5263157894736842,0.0,1.525,0.0,0.65,0.0,6.25,False,0.0,0.0233,0.0,A,SECONDA_PUNTA,0.0227,0.0369,6.408,0,0.0,0.0,6.2534757849644915
A,Havel,4,6.13,9,0.35,0.15,0.1,0.3,0.65,1,0,0,0.0,equilibrato,20.0,0.0,0.0,0.11428571428571428,26.0,0.9756109800648459,0.5263157894736842,0.0,1.525,-0.1,0.65,0.0,6.13,False,0.0,0.0233,0.0,A,SECONDA_PUNTA,0.0227,0.0369,6.291,0,0.0,0.0,6.21530586081455
A,Giovane,4,6.18,10,0.35,0.194,0.065,0.3,0.816,0,0,0,0.0,equilibrato,20.0,0.0,0.0,0.11428571428571428,26.0,0.9756109800648459,0.5263157894736842,0.0,1.6084999999999998,0.0,0.816,0.0,6.18,False,0.0,0.0275,0.0,A,SECONDA_PUNTA,-0.0682,-0.0135,6.124,0,0.0,0.0,6.062405253775206
A,Kulenovic,4,6.43,9,0.35,0.143,0.286,0.3,0.184,0,0,0,0.0,equilibrato,20.0,0.0,0.0,0.11428571428571428,26.0,0.9756109800648459,0.5263157894736842,0.0,1.4214999999999998,0.0,0.184,0.0,6.43,False,0.0,0.0226,0.0,A,ALA_ATT,0.233,0.1624,7.127,0,0.0,0.0,6.741596468443895
A,Gueye,4,6.31,7,0.35,0.15,0.154,0.3,0.342,1,0,0,0.0,equilibrato,20.0,0.0,0.0,0.11428571428571428,26.0,0.9756109800648459,0.5263157894736842,0.0,1.498,-0.1,0.342,0.0,6.31,False,0.0,0.0233,0.0,A,SECONDA_PUNTA,0.1847,0.1341,6.877,0,0.0,0.0,6.602278773722182
A,Robinson J.,4,6.19,10,0.35,0.097,0.194,0.3,0.816,1,1,1,0.0,equilibrato,20.0,0.0,0.0,0.11428571428571428,26.0,0.9756109800648459,0.5263157894736842,0.0,1.3984999999999999,0.3,0.816,0.0,6.19,False,0.0,0.0182,0.0,A,ALA_ATT,-0.1705,-0.0841,5.817,0,0.0,0.0,5.959802058006151
A,Kuhn,3,6.2,5,0.35,0.071,0.1,0.3,0.368,0,0,0,0.0,equilibrato,20.0,0.0,0.0,0.08571428571428572,26.0,0.9756109800648459,0.5263157894736842,0.0,1.4064999999999999,0.0,0.368,0.0,6.2,False,0.0,0.0157,0.0,A,ALA_ATT,0.1193,0.0873,6.567,0,0.0,0.0,6.578226801938365
A,Ekhator,3,5.53,10,0.35,0.15,0.12,0.3,0.658,1,-1,0,0.05,equilibrato,20.0,0.0,0.0,0.08571428571428572,26.0,0.9756109800648459,0.5263157894736842,0.0,1.515,-0.6799999999999999,0.658,0.0,5.53,False,0.0,0.0233,0.0,A,SECONDA_PUNTA,-0.0369,0.0011,5.531,0,0.0,0.0,6.042817268264711
A,N'Dri,3,6.28,9,0.35,0.15,0.176,0.3,0.447,0,0,0,0.0,equilibrato,20.0,0.0,0.0,0.08571428571428572,26.0,0.9756109800648459,0.5263157894736842,0.0,1.4869999999999999,0.0,0.447,0.0,6.28,False,0.0,0.0233,0.0,A,SECONDA_PUNTA,0.1449,0.1102,6.744,0,0.0,0.0,6.686587286059887
A,Varela G.,3,6.67,7,0.35,0.15,0.136,0.3,0.579,1,1,0,0.0,equilibrato,20.0,0.0,0.0,0.08571428571428572,26.0,0.9756109800648459,0.5263157894736842,0.0,1.507,0.5,0.579,0.0,6.67,False,0.0,0.0233,0.0,A,SECONDA_PUNTA,0.0938,0.0795,7.035,0,0.0,0.0,6.87608742716833
A,Lang,3,6.32,10,0.35,0.143,0.143,0.3,0.368,0,0,0,0.0,equilibrato,20.0,0.0,0.0,0.08571428571428572,26.0,0.9756109800648459,0.5263157894736842,0.0,1.4929999999999999,0.0,0.368,0.0,6.32,False,0.0,0.0226,0.0,A,ALA_ATT,0.1761,0.1283,6.864,0,0.0,0.0,6.765275297629143
A,Lucca,3,6.34,10,0.35,0.15,0.111,0.3,0.237,0,0,0,0.0,equilibrato,20.0,0.0,0.0,0.08571428571428572,26.0,0.9756109800648459,0.5263157894736842,0.0,1.5194999999999999,0.0,0.237,0.0,6.34,False,0.0,0.0233,0.0,A,SECONDA_PUNTA,0.2045,0.146,6.957,0,0.0,0.0,6.834064754124657
A,Elphege,3,6.34,11,0.35,0.125,0.1,0.3,0.211,0,0,0,0.0,equilibrato,20.0,0.0,0.0,0.08571428571428572,26.0,0.9756109800648459,0.5263157894736842,0.0,1.4874999999999998,0.0,0.211,0.0,6.34,False,0.0,0.0209,0.0,A,ALA_ATT,0.2102,0.147,6.963,0,0.0,0.0,6.838309812342973
A,Buksa,2,6.16,4,0.35,0.15,0.143,0.3,0.553,0,0,0,0.0,equilibrato,20.0,0.0,0.0,0.05714285714285714,26.0,0.9756109800648459,0.5263157894736842,0.0,1.5035,0.0,0.553,0.0,6.16,False,0.0,0.0233,0.0,A,SECONDA_PUNTA,0.1023,0.0846,6.517,0,0.0,0.0,6.893977423316017
A,Albarracin,1,6.25,1,0.35,0.15,0.1,0.3,0.053,0,0,0,0.0,equilibrato,20.0,0.0,0.0,0.02857142857142857,26.0,0.9756109800648459,0.5263157894736842,0.0,1.525,0.0,0.053,0.0,6.25,False,0.0,0.0233,0.0,A,SECONDA_PUNTA,0.2443,0.1698,6.952,0,0.0,0.0,8.310969859866153
A,Trepy,1,6.25,2,0.35,0.15,0.1,0.3,0.079,0,0,0,0.0,equilibrato,20.0,0.0,0.0,0.02857142857142857,26.0,0.9756109800648459,0.5263157894736842,0.0,1.525,0.0,0.079,0.0,6.25,False,0.0,0.0233,0.0,A,SECONDA_PUNTA,0.2443,0.1698,6.952,0,0.0,0.0,8.310969859866153
A,Azon,1,6.02,1,0.35,0.15,0.1,0.3,0.65,0,0,0,0.0,equilibrato,20.0,0.0,0.0,0.02857142857142857,26.0,0.9756109800648459,0.5263157894736842,0.0,1.525,0.0,0.65,0.0,6.02,False,0.0,0.0233,0.0,A,SECONDA_PUNTA,0.0227,0.0369,6.177,0,0.0,0.0,7.62734866953388
A,Vaz,1,6.15,4,0.35,0.15,0.1,0.3,0.184,1,0,0,0.0,equilibrato,20.0,0.0,0.0,0.02857142857142857,26.0,0.9756109800648459,0.5263157894736842,0.0,1.525,-0.1,0.184,0.0,6.15,False,0.0,0.0233,0.0,A,SECONDA_PUNTA,0.2244,0.1579,6.804,0,0.0,0.0,8.204960889868596
A,Bayo V.,1,6.11,3,0.35,0.083,0.1,0.3,0.316,0,0,0,0.0,equilibrato,20.0,0.0,0.0,0.02857142857142857,26.0,0.9756109800648459,0.5263157894736842,0.0,1.4244999999999999,0.0,0.316,0.0,6.11,False,0.0,0.0169,0.0,A,ALA_ATT,0.1534,0.1089,6.566,0,0.0,0.0,7.977651995837575
A,Lisman,1,6.46,1,0.35,0.15,0.1,0.3,0.65,1,1,0,0.0,equilibrato,20.0,0.0,0.0,0.02857142857142857,26.0,0.9756109800648459,0.5263157894736842,0.0,1.525,0.5,0.65,0.0,6.46,False,0.0,0.0233,0.0,A,SECONDA_PUNTA,0.0227,0.0369,6.624,0,0.0,0.0,8.03258822015004
A,Lauberbach,1,6.02,1,0.35,0.15,0.1,0.3,0.65,0,0,0,0.0,equilibrato,20.0,0.0,0.0,0.02857142857142857,26.0,0.9756109800648459,0.5263157894736842,0.0,1.525,0.0,0.65,0.0,6.02,False,0.0,0.0233,0.0,A,SECONDA_PUNTA,0.0227,0.0369,6.177,0,0.0,0.0,7.62734866953388
A,Lontani,1,6.48,3,0.35,0.15,0.1,0.3,0.65,1,1,0,0.1,pressing,20.0,0.0,0.0,0.02857142857142857,26.0,0.9756109800648459,0.5263157894736842,0.0,1.525,0.54,0.65,0.0,6.48,False,0.0,0.0233,0.0,A,SECONDA_PUNTA,0.0227,0.0369,6.643,0,0.0,0.0,8.043495632499999
A,De Martis,1,6.25,1,0.35,0.15,0.1,0.3,0.65,1,1,1,0.0,equilibrato,20.0,0.0,0.0,0.02857142857142857,26.0,0.9756109800648459,0.5263157894736842,0.0,1.525,0.3,0.65,0.0,6.25,False,0.0,0.0233,0.0,A,SECONDA_PUNTA,0.0227,0.0369,6.413,0,0.0,0.0,7.914328907303092
